Fecha ;Apertura;Cierre;Maximo;Minimo;Volumen
14/11/2025;3.3;3.3;3.3;3.3;22284
13/11/2025;3.3;3.3;3.3;3.27;115806
12/11/2025;3.3;3.3;3.3;3.29;19117
11/11/2025;3.3;3.3;3.3;3.27;24725
10/11/2025;3.26;3.27;3.28;3.26;70854
7/11/2025;3.26;3.26;3.26;3.25;119600
6/11/2025;3.24;3.27;3.27;3.24;151209
5/11/2025;3.27;3.24;3.27;3.24;40477
4/11/2025;3.3;3.27;3.3;3.27;291090
3/11/2025;3.29;3.27;3.29;3.27;50970
31/10/2025;3.32;3.29;3.32;3.27;2165220
30/10/2025;3.32;3.32;3.34;3.32;202584
29/10/2025;3.33;3.32;3.33;3.32;92154
28/10/2025;3.31;3.31;3.32;3.31;128028
27/10/2025;3.31;3.32;3.32;3.3;116774
24/10/2025;3.32;3.3;3.32;3.3;52181
23/10/2025;3.3;3.32;3.32;3.3;48295
22/10/2025;3.32;3.3;3.33;3.3;86951
21/10/2025;3.35;3.3;3.35;3.3;146999
20/10/2025;3.34;3.35;3.35;3.31;89215
17/10/2025;3.35;3.34;3.35;3.34;115937
16/10/2025;3.37;3.35;3.37;3.34;171915
15/10/2025;3.37;3.37;3.37;3.35;114122
14/10/2025;3.37;3.37;3.37;3.35;123180
13/10/2025;3.35;3.39;3.39;3.35;679310
10/10/2025;3.31;3.32;3.32;3.31;23560
9/10/2025;3.35;3.31;3.35;3.28;183193
7/10/2025;3.33;3.33;3.33;3.32;1826453
6/10/2025;3.33;3.33;3.34;3.3;268888
3/10/2025;3.34;3.34;3.34;3.33;78601
2/10/2025;3.34;3.33;3.34;3.33;214345
1/10/2025;3.31;3.33;3.33;3.3;92392
30/09/2025;3.34;3.31;3.35;3.31;422752
29/09/2025;3.35;3.35;3.35;3.35;31226
26/09/2025;3.35;3.32;3.35;3.32;156104
25/09/2025;3.36;3.35;3.37;3.35;42664
24/09/2025;3.37;3.37;3.38;3.37;134071
23/09/2025;3.37;3.36;3.37;3.36;145613
22/09/2025;3.37;3.37;3.37;3.37;108141
19/09/2025;3.36;3.37;3.37;3.33;844423
18/09/2025;3.35;3.34;3.36;3.34;73093
17/09/2025;3.4;3.36;3.4;3.36;51683
16/09/2025;3.35;3.36;3.37;3.35;73234
15/09/2025;3.34;3.34;3.34;3.33;40823
12/09/2025;3.35;3.37;3.4;3.34;113260
11/09/2025;3.46;3.45;3.47;3.45;297741
10/09/2025;3.47;3.45;3.47;3.43;277898
9/09/2025;3.47;3.46;3.48;3.46;132493
8/09/2025;3.48;3.48;3.48;3.48;41535
5/09/2025;3.49;3.47;3.49;3.47;103053
4/09/2025;3.48;3.48;3.48;3.48;132396
3/09/2025;3.5;3.48;3.5;3.48;72987
2/09/2025;3.49;3.47;3.5;3.47;179862
1/09/2025;3.47;3.49;3.49;3.46;72442
29/08/2025;3.43;3.43;3.46;3.43;571221
28/08/2025;3.36;3.43;3.44;3.36;217134
27/08/2025;3.34;3.34;3.35;3.33;212549
26/08/2025;3.33;3.33;3.35;3.33;182504
25/08/2025;3.34;3.34;3.34;3.33;627954
22/08/2025;3.34;3.34;3.35;3.34;1581814
21/08/2025;3.37;3.35;3.37;3.34;1528426
20/08/2025;3.4;3.37;3.4;3.37;605321
19/08/2025;3.4;3.37;3.4;3.37;237502
18/08/2025;3.38;3.37;3.38;3.37;65839
15/08/2025;3.4;3.38;3.4;3.38;23880
14/08/2025;3.35;3.4;3.46;3.35;230194
12/08/2025;3.39;3.37;3.39;3.37;121681
11/08/2025;3.35;3.37;3.37;3.33;75829
8/08/2025;3.39;3.37;3.4;3.37;98735
7/08/2025;3.44;3.37;3.47;3.37;1344472
5/08/2025;3.45;3.43;3.45;3.43;112764
4/08/2025;3.47;3.45;3.47;3.44;215935
1/08/2025;3.47;3.45;3.47;3.45;26078
31/07/2025;3.5;3.47;3.5;3.47;45237
30/07/2025;3.49;3.5;3.5;3.49;32442
25/07/2025;3.5;3.49;3.5;3.49;215277
24/07/2025;3.5;3.5;3.5;3.49;1090489
22/07/2025;3.49;3.49;3.5;3.48;114727
21/07/2025;3.49;3.49;3.5;3.47;45826
18/07/2025;3.46;3.44;3.46;3.44;17724
17/07/2025;3.48;3.44;3.48;3.43;1721342
16/07/2025;3.48;3.47;3.48;3.46;43820
15/07/2025;3.45;3.46;3.5;3.45;224351
14/07/2025;3.48;3.45;3.48;3.45;124028
11/07/2025;3.46;3.47;3.5;3.46;223735
10/07/2025;3.45;3.45;3.47;3.45;82719
9/07/2025;3.5;3.45;3.5;3.45;1695548
8/07/2025;3.49;3.49;3.49;3.45;204968
7/07/2025;3.37;3.45;3.45;3.37;10515809
4/07/2025;3.38;3.35;3.38;3.33;143611
3/07/2025;3.31;3.35;3.37;3.31;213915
2/07/2025;3.25;3.3;3.3;3.23;2739151
1/07/2025;3.22;3.25;3.25;3.22;729961
30/06/2025;3.2;3.21;3.21;3.2;57364
27/06/2025;3.18;3.2;3.2;3.18;1861231
26/06/2025;3.18;3.18;3.18;3.16;991767
25/06/2025;3.18;3.18;3.18;3.16;234554
24/06/2025;3.15;3.15;3.18;3.15;297894
23/06/2025;3.17;3.16;3.17;3.16;355925
20/06/2025;3.16;3.18;3.18;3.16;789907
19/06/2025;3.16;3.16;3.17;3.15;303817
18/06/2025;3.17;3.16;3.17;3.16;104667
17/06/2025;3.17;3.16;3.17;3.16;84049
16/06/2025;3.16;3.16;3.17;3.15;98063
13/06/2025;3.15;3.15;3.15;3.15;19427
12/06/2025;3.15;3.16;3.16;3.15;142059
11/06/2025;3.15;3.15;3.15;3.15;105275
10/06/2025;3.15;3.15;3.15;3.1;101315
9/06/2025;3.16;3.15;3.16;3.15;395965
6/06/2025;3.12;3.15;3.15;3.12;183418
5/06/2025;3.15;3.13;3.16;3.13;144077
4/06/2025;3.16;3.16;3.18;3.16;209624
3/06/2025;3.19;3.17;3.2;3.17;213810
2/06/2025;3.21;3.2;3.21;3.18;628036
30/05/2025;3.16;3.21;3.21;3.16;198734
29/05/2025;3.15;3.16;3.17;3.15;30034
28/05/2025;3.15;3.16;3.16;3.15;424000
27/05/2025;3.15;3.15;3.15;3.15;188247
26/05/2025;3.15;3.15;3.15;3.15;39390
23/05/2025;3.13;3.18;3.18;3.13;115285
22/05/2025;3.13;3.12;3.13;3.12;25177
21/05/2025;3.12;3.12;3.15;3.08;1686535
20/05/2025;3.12;3.08;3.12;3.08;33800
19/05/2025;3.08;3.11;3.12;3.06;1166762
16/05/2025;3.06;3.1;3.11;3.06;111910
15/05/2025;3.04;3.05;3.07;3.04;574034
14/05/2025;3.05;3.04;3.05;3.04;669808
13/05/2025;3.05;3.03;3.1;3.02;1793832
12/05/2025;3.05;3.05;3.08;3.05;223582
9/05/2025;3.05;3.05;3.05;3.04;273305
8/05/2025;3.06;3.05;3.06;3.05;1628561
7/05/2025;3.03;3.06;3.08;3.03;230271
6/05/2025;3.03;3.03;3.04;3;629739
5/05/2025;3.02;3.03;3.04;3.02;505579
2/05/2025;3;3.02;3.02;3;1136151
30/04/2025;2.99;2.99;3;2.98;202877
29/04/2025;2.98;2.98;2.99;2.98;74800
28/04/2025;2.98;2.99;2.99;2.98;37520
25/04/2025;2.99;2.99;2.99;2.97;962023
24/04/2025;2.97;2.97;2.97;2.97;230542
23/04/2025;2.99;2.96;2.99;2.96;113045
22/04/2025;2.98;2.96;2.99;2.96;538401
21/04/2025;2.97;2.98;2.98;2.97;34345
16/04/2025;2.96;2.97;2.97;2.92;3186645
15/04/2025;2.99;2.97;3;2.97;57280
14/04/2025;2.98;2.97;3;2.97;76980
11/04/2025;2.97;2.95;3;2.92;604387
10/04/2025;2.92;2.97;2.97;2.92;131138
9/04/2025;2.9;2.92;2.94;2.9;284896
8/04/2025;3.1;3.15;3.18;3.1;920932
7/04/2025;3.1;3.1;3.16;3.07;719191
4/04/2025;3.2;3.08;3.2;3.05;152831
3/04/2025;3.22;3.2;3.22;3.2;200199
2/04/2025;3.24;3.25;3.25;3.19;1035285
1/04/2025;3.2;3.22;3.22;3.2;3049640
31/03/2025;3.22;3.15;3.25;3.15;323936
28/03/2025;3.28;3.22;3.28;3.22;135464
27/03/2025;3.3;3.27;3.3;3.26;80646
26/03/2025;3.32;3.29;3.33;3.28;170203
25/03/2025;3.31;3.33;3.37;3.25;2246447
24/03/2025;3.35;3.31;3.35;3.25;153715
21/03/2025;3.22;3.33;3.35;3.22;791923
20/03/2025;3.1;3.17;3.17;3.08;805114
19/03/2025;3.05;3.09;3.1;3.05;5158794
18/03/2025;3.05;3.03;3.07;3.03;6084940
17/03/2025;3.05;3.03;3.05;3;1515542
14/03/2025;3;3.01;3.03;3;1408876
13/03/2025;3.03;2.99;3.05;2.99;251077
12/03/2025;3.03;3.04;3.04;3.03;14769
11/03/2025;3.05;3.03;3.05;3.03;4503017
10/03/2025;3.05;3.04;3.06;3.03;73067
7/03/2025;3.07;3.03;3.07;3.03;30188
6/03/2025;3.05;3.03;3.08;3.03;131309
5/03/2025;3.04;3.04;3.05;3.04;100841
4/03/2025;3.05;3.03;3.05;3.03;452136
3/03/2025;3.04;3.03;3.04;3.03;146263
28/02/2025;3.04;3.04;3.05;3.04;144168
27/02/2025;3.05;3.04;3.08;3.04;114241
26/02/2025;3.05;3.05;3.07;3.04;424580
25/02/2025;3.03;3.04;3.06;3.03;279128
24/02/2025;3.03;3.03;3.03;3.03;37677
21/02/2025;3.03;3.03;3.04;3.03;72112
20/02/2025;3.04;3.04;3.04;3.04;57887
19/02/2025;3.04;3.04;3.08;3.03;107369
18/02/2025;3.06;3.04;3.06;3.03;138024
17/02/2025;3.02;3.04;3.06;3.02;29000
14/02/2025;3.02;3.02;3.02;3.02;111001
13/02/2025;3.06;3.01;3.06;3.01;133675
12/02/2025;3.02;3.02;3.02;3.02;21875
11/02/2025;3.02;3.02;3.05;3.02;120117
10/02/2025;3.03;3.02;3.03;3.02;652433
7/02/2025;2.99;3.03;3.03;2.99;35039
6/02/2025;3.02;3;3.02;3;4099183
5/02/2025;3.01;3.01;3.02;3.01;58293
4/02/2025;3.02;3;3.02;3;97530
3/02/2025;2.98;3;3.01;2.98;54738
31/01/2025;2.99;2.98;2.99;2.95;1130653
30/01/2025;2.99;2.99;3;2.99;58428
29/01/2025;2.99;2.99;2.99;2.99;109863
28/01/2025;2.99;2.99;2.99;2.98;101775
27/01/2025;2.95;2.98;2.98;2.95;136341
24/01/2025;2.97;3;3;2.97;312336
23/01/2025;3;2.97;3.01;2.97;170300
22/01/2025;2.99;3;3;2.99;133901
21/01/2025;2.99;2.99;2.99;2.97;2274353
20/01/2025;2.99;2.99;2.99;2.99;33312
17/01/2025;2.98;2.97;2.99;2.95;402952
16/01/2025;2.97;2.97;2.97;2.97;99923
15/01/2025;2.97;2.96;2.97;2.96;674541
14/01/2025;2.97;2.97;2.97;2.95;1337955
13/01/2025;2.96;2.97;2.98;2.96;454822
10/01/2025;2.97;2.97;2.97;2.97;161262
9/01/2025;2.96;2.97;2.97;2.96;94466
8/01/2025;2.99;2.97;2.99;2.97;121657
7/01/2025;2.96;2.96;2.97;2.96;243759
6/01/2025;2.95;2.95;2.97;2.94;242552
3/01/2025;2.94;2.94;2.96;2.92;198874
2/01/2025;2.91;2.91;2.96;2.91;98341
31/12/2024;2.94;2.93;2.94;2.93;92413
30/12/2024;2.94;2.93;2.94;2.93;47181
27/12/2024;2.94;2.93;2.94;2.93;427494
26/12/2024;2.97;2.93;2.97;2.89;2116718
24/12/2024;2.95;2.96;2.97;2.95;52143
23/12/2024;2.94;2.95;2.97;2.94;65601
20/12/2024;2.94;2.94;2.94;2.93;41480
19/12/2024;2.95;2.94;2.95;2.93;261350
18/12/2024;2.95;2.96;2.96;2.94;528357
17/12/2024;2.99;2.96;2.99;2.96;128757
16/12/2024;2.98;2.99;3;2.98;81146
13/12/2024;2.96;2.96;2.96;2.96;98598
12/12/2024;2.96;2.96;2.96;2.95;201675
11/12/2024;2.98;2.95;2.98;2.95;124580
10/12/2024;2.99;2.95;2.99;2.95;195085
6/12/2024;3;2.99;3;2.99;78442
5/12/2024;3;3;3.02;3;196232
4/12/2024;3.01;3.01;3.01;3;217790
3/12/2024;3;2.97;3.01;2.97;512689
2/12/2024;3.01;3.01;3.01;2.99;55638
29/11/2024;2.99;2.99;3.02;2.98;236281
28/11/2024;2.97;2.98;2.98;2.97;101990
27/11/2024;3.01;2.97;3.01;2.97;1142916
26/11/2024;2.98;3;3;2.98;318510
25/11/2024;2.98;3;3.01;2.98;112516
22/11/2024;2.98;3;3;2.98;110044
21/11/2024;2.99;2.97;2.99;2.97;1182565
20/11/2024;2.95;2.99;2.99;2.95;19451
19/11/2024;2.97;2.96;2.97;2.95;314942
18/11/2024;2.98;2.99;2.99;2.98;48858
15/11/2024;2.96;2.98;3;2.94;29441
14/11/2024;3;2.98;3;2.97;56028
13/11/2024;2.98;2.97;2.98;2.96;130042
12/11/2024;3;2.98;3;2.98;88445
11/11/2024;3;3;3;3;29381
8/11/2024;3;3;3;2.99;43593
7/11/2024;3;3;3;3;253301
6/11/2024;3;3;3.02;2.98;100911
5/11/2024;2.99;3;3;2.99;4298819
4/11/2024;3;2.97;3;2.97;108632
31/10/2024;3;3;3;2.98;356939
30/10/2024;3.06;3.02;3.09;3.02;84608
29/10/2024;3.04;3.05;3.1;3.04;122084
28/10/2024;3;3.02;3.03;3;200571
25/10/2024;3.04;3;3.04;3;66910
24/10/2024;3.05;3;3.06;3;4275449
23/10/2024;3.03;3.02;3.03;3;207473
22/10/2024;3.04;3.04;3.04;3.03;171464
21/10/2024;3.02;3.03;3.04;3.02;194352
18/10/2024;3.02;3.02;3.02;3.02;501613
17/10/2024;3.01;3;3.04;3;346590
16/10/2024;3;3;3;3;257695
15/10/2024;3;3;3;3;315434
14/10/2024;2.99;2.99;2.99;2.98;133357
11/10/2024;3;2.99;3.02;2.99;1309366
10/10/2024;3;3;3;2.98;38172
9/10/2024;2.96;2.98;2.98;2.96;71195
7/10/2024;2.98;2.97;3;2.96;186672
4/10/2024;2.91;2.99;2.99;2.91;245031
3/10/2024;2.9;2.91;2.91;2.9;171151
2/10/2024;2.87;2.9;2.9;2.87;21588
1/10/2024;2.88;2.89;2.89;2.88;84189
30/09/2024;2.88;2.88;2.9;2.85;634358
27/09/2024;2.88;2.88;2.89;2.88;213750
26/09/2024;2.84;2.84;2.84;2.83;164354
25/09/2024;2.81;2.83;2.83;2.81;143926
24/09/2024;2.8;2.81;2.83;2.8;290936
23/09/2024;2.78;2.8;2.8;2.76;75485
20/09/2024;2.78;2.78;2.78;2.77;83764
19/09/2024;2.78;2.78;2.79;2.78;47076
18/09/2024;2.77;2.78;2.79;2.77;1131187
17/09/2024;2.8;2.77;2.8;2.75;1890827
16/09/2024;2.79;2.79;2.79;2.79;31755
13/09/2024;2.8;2.79;2.8;2.79;479091
12/09/2024;2.8;2.82;2.83;2.79;414607
11/09/2024;2.79;2.79;2.8;2.79;120013
10/09/2024;2.79;2.79;2.79;2.79;89181
9/09/2024;2.77;2.78;2.79;2.77;2273305
6/09/2024;2.78;2.78;2.78;2.77;87040
5/09/2024;2.77;2.77;2.77;2.77;226096
4/09/2024;2.77;2.77;2.77;2.72;128221
3/09/2024;2.78;2.73;2.78;2.73;1051576
2/09/2024;2.77;2.77;2.77;2.77;108906
29/08/2024;2.79;2.76;2.79;2.75;68549
28/08/2024;2.77;2.76;2.77;2.75;587518
27/08/2024;2.75;2.75;2.75;2.75;931172
26/08/2024;2.78;2.75;2.78;2.75;28205
23/08/2024;2.72;2.75;2.75;2.72;46305
22/08/2024;2.75;2.7;2.75;2.7;2686170
21/08/2024;2.74;2.75;2.75;2.74;337136
20/08/2024;2.75;2.74;2.8;2.74;328419
19/08/2024;2.76;2.75;2.78;2.75;52831
16/08/2024;2.77;2.75;2.77;2.74;4554688
15/08/2024;2.75;2.78;2.79;2.7;13140033
14/08/2024;2.87;2.9;2.9;2.87;651175
13/08/2024;2.9;2.87;2.9;2.87;4124194
12/08/2024;2.9;2.9;2.93;2.9;901051
9/08/2024;2.93;2.9;2.93;2.9;592057
8/08/2024;2.9;2.91;2.93;2.9;376150
7/08/2024;2.93;2.9;2.95;2.89;522058
5/08/2024;2.89;2.89;2.94;2.89;157336
2/08/2024;2.95;2.95;2.95;2.9;71878
1/08/2024;3.03;3;3.03;3;76682
31/07/2024;3.03;3.04;3.04;3.01;142978
30/07/2024;3.01;3.03;3.06;3.01;285687
26/07/2024;2.89;3.01;3.01;2.89;4962828
25/07/2024;2.83;2.89;2.89;2.83;56206
24/07/2024;2.82;2.8;2.83;2.8;166865
22/07/2024;2.83;2.84;2.84;2.83;33411
19/07/2024;2.84;2.84;2.84;2.83;30691
18/07/2024;2.81;2.83;2.84;2.81;71992
17/07/2024;2.78;2.81;2.81;2.78;118566
16/07/2024;2.79;2.79;2.79;2.79;60895
15/07/2024;2.77;2.78;2.8;2.77;39239
12/07/2024;2.75;2.77;2.8;2.75;3784447
11/07/2024;2.74;2.75;2.78;2.74;220569
10/07/2024;2.78;2.74;2.78;2.74;5395500
9/07/2024;2.75;2.75;2.75;2.7;2995137
8/07/2024;2.75;2.75;2.75;2.73;1046082
5/07/2024;2.8;2.75;2.8;2.74;94384
4/07/2024;2.75;2.75;2.76;2.75;301320
3/07/2024;2.78;2.77;2.78;2.77;102499
2/07/2024;2.75;2.74;2.75;2.74;43644
1/07/2024;2.75;2.75;2.75;2.73;1134062
28/06/2024;2.78;2.75;2.78;2.75;914853
27/06/2024;2.76;2.75;2.76;2.75;219132
26/06/2024;2.78;2.77;2.78;2.77;69971
25/06/2024;2.78;2.78;2.78;2.78;100046
24/06/2024;2.77;2.77;2.77;2.77;56130
21/06/2024;2.78;2.78;2.78;2.78;50077
20/06/2024;2.8;2.78;2.8;2.78;184077
19/06/2024;2.8;2.8;2.8;2.8;83066
18/06/2024;2.82;2.8;2.82;2.8;42023
17/06/2024;2.85;2.84;2.85;2.8;25062
14/06/2024;2.8;2.81;2.81;2.8;61906
13/06/2024;2.82;2.81;2.82;2.81;41804
12/06/2024;2.8;2.8;2.8;2.8;101379
11/06/2024;2.8;2.8;2.8;2.78;32645
10/06/2024;2.79;2.81;2.81;2.75;79929
6/06/2024;2.82;2.8;2.82;2.79;395868
5/06/2024;2.82;2.82;2.82;2.8;44214
4/06/2024;2.8;2.8;2.8;2.8;1584672
3/06/2024;2.8;2.8;2.8;2.76;80008
31/05/2024;2.8;2.8;2.8;2.8;11087
30/05/2024;2.8;2.8;2.8;2.78;1149344
29/05/2024;2.8;2.79;2.8;2.79;392054
28/05/2024;2.82;2.8;2.82;2.78;5164837
27/05/2024;2.79;2.79;2.8;2.79;70052
24/05/2024;2.83;2.79;2.83;2.78;134752
23/05/2024;2.83;2.83;2.83;2.8;117584
22/05/2024;2.82;2.8;2.82;2.77;4570313
21/05/2024;2.84;2.82;2.84;2.82;1350758
20/05/2024;2.84;2.84;2.85;2.84;545185
17/05/2024;2.85;2.84;2.86;2.84;209862
16/05/2024;2.83;2.85;2.85;2.83;46360
15/05/2024;2.87;2.84;2.88;2.84;174467
14/05/2024;2.85;2.86;2.88;2.84;18263
13/05/2024;2.88;2.86;2.88;2.86;14975
10/05/2024;2.84;2.86;2.86;2.84;337767
9/05/2024;2.84;2.84;2.85;2.84;1053884
8/05/2024;2.87;2.84;2.87;2.84;142075
7/05/2024;2.8;2.86;2.86;2.8;391385
6/05/2024;2.88;2.85;2.88;2.85;17626
3/05/2024;2.89;2.87;2.89;2.87;1513115
2/05/2024;2.89;2.9;2.91;2.89;109352
30/04/2024;2.9;2.88;2.9;2.85;350480
29/04/2024;2.92;2.9;2.92;2.89;155144
26/04/2024;2.86;2.9;2.91;2.86;458080
25/04/2024;2.9;2.9;2.9;2.9;5477
24/04/2024;2.8;2.9;2.95;2.8;459908
23/04/2024;2.7;2.8;2.8;2.7;138976
22/04/2024;2.68;2.7;2.7;2.67;521509
19/04/2024;2.62;2.66;2.66;2.62;434631
18/04/2024;2.61;2.62;2.62;2.6;81015
17/04/2024;2.63;2.58;2.63;2.58;223494
16/04/2024;2.67;2.63;2.69;2.63;78941
15/04/2024;2.87;2.84;2.88;2.84;290574
12/04/2024;2.8;2.84;2.9;2.8;285734
11/04/2024;2.81;2.8;2.81;2.8;1270867
10/04/2024;2.78;2.81;2.82;2.78;198580
9/04/2024;2.7;2.78;2.8;2.7;724288
8/04/2024;2.74;2.7;2.75;2.65;1954708
5/04/2024;2.71;2.65;2.72;2.65;1863104
4/04/2024;2.76;2.7;2.76;2.7;3354829
3/04/2024;2.9;2.75;2.9;2.7;7985239
2/04/2024;2.86;2.83;2.86;2.83;2809864
1/04/2024;2.95;2.87;2.95;2.87;715660
27/03/2024;3.05;2.9;3.05;2.9;173412
26/03/2024;3.1;3.05;3.1;3.05;343353
25/03/2024;3.08;3.1;3.1;3.08;585110
22/03/2024;3.08;3.1;3.18;3.08;108852
21/03/2024;3.06;3.05;3.06;3.05;80428
20/03/2024;3.1;3.05;3.1;3.05;663848
19/03/2024;3.12;3.1;3.12;3.1;53225
18/03/2024;3.15;3.12;3.15;3.12;591881
15/03/2024;3.15;3.15;3.15;3.15;18228
14/03/2024;3.16;3.16;3.16;3.15;510833
13/03/2024;3.12;3.15;3.17;3.12;378857
12/03/2024;3.17;3.15;3.17;3.15;293382
11/03/2024;3.12;3.17;3.17;3.12;370723
8/03/2024;3.12;3.14;3.14;3.1;70216
7/03/2024;3.08;3.08;3.08;3.08;20193
6/03/2024;3.08;3.08;3.08;3.08;565788
5/03/2024;3.08;3.08;3.08;3.08;684293
4/03/2024;3.09;3.08;3.1;3.08;51389
1/03/2024;3.05;3.08;3.08;3.05;12516
29/02/2024;3.03;3.05;3.05;3.03;673402
28/02/2024;3;3;3.03;3;3061424
27/02/2024;3.05;3;3.05;3;4702895
26/02/2024;3;3.05;3.05;3;593906
23/02/2024;3;3;3.03;3;5186876
22/02/2024;2.97;3;3;2.97;8471807
21/02/2024;3.01;2.97;3.01;2.97;24048
20/02/2024;2.95;3;3;2.94;1335157
19/02/2024;2.93;2.93;2.93;2.93;35901
16/02/2024;2.89;2.93;2.93;2.89;63378
15/02/2024;2.8;2.89;2.89;2.8;121626
14/02/2024;2.79;2.79;2.79;2.79;4713
13/02/2024;2.78;2.78;2.78;2.78;10676
12/02/2024;2.8;2.8;2.8;2.8;20927
9/02/2024;2.8;2.8;2.8;2.8;170768
8/02/2024;2.8;2.8;2.81;2.8;128771
7/02/2024;2.8;2.8;2.82;2.8;65320
6/02/2024;2.8;2.8;2.8;2.8;31569
5/02/2024;2.82;2.8;2.82;2.8;27864
2/02/2024;2.81;2.82;2.82;2.8;1345453
1/02/2024;2.79;2.78;2.79;2.78;35545
31/01/2024;2.79;2.8;2.8;2.79;43328
30/01/2024;2.78;2.78;2.78;2.78;13426
29/01/2024;2.8;2.78;2.8;2.78;14595
26/01/2024;2.8;2.8;2.8;2.8;106134
25/01/2024;2.8;2.8;2.8;2.79;233675
24/01/2024;2.8;2.8;2.8;2.8;140333
23/01/2024;2.8;2.8;2.81;2.8;137413
22/01/2024;2.8;2.8;2.8;2.8;46384
19/01/2024;2.83;2.82;2.83;2.82;68085
18/01/2024;2.78;2.81;2.81;2.78;155184
17/01/2024;2.77;2.78;2.78;2.77;344764
16/01/2024;2.76;2.77;2.77;2.76;1441060
15/01/2024;2.76;2.8;2.8;2.76;45127
12/01/2024;2.75;2.8;2.8;2.75;220816
11/01/2024;2.7;2.75;2.8;2.7;2645274
10/01/2024;2.61;2.7;2.7;2.6;2256637
9/01/2024;2.53;2.62;2.62;2.53;4200592
8/01/2024;2.5;2.51;2.52;2.5;209860
5/01/2024;2.51;2.51;2.51;2.51;494642
4/01/2024;2.51;2.54;2.54;2.51;2664847
3/01/2024;2.5;2.51;2.51;2.5;66140
2/01/2024;2.48;2.48;2.48;2.48;2692
29/12/2023;2.48;2.48;2.48;2.47;225998
28/12/2023;2.43;2.46;2.46;2.43;338631
27/12/2023;2.4;2.43;2.43;2.39;680479
26/12/2023;2.36;2.4;2.4;2.36;874456
22/12/2023;2.39;2.4;2.4;2.37;587043
21/12/2023;2.4;2.42;2.42;2.4;589353
20/12/2023;2.42;2.43;2.43;2.41;491456
19/12/2023;2.44;2.41;2.44;2.4;953787
18/12/2023;2.42;2.45;2.45;2.39;157438
15/12/2023;2.45;2.45;2.45;2.45;28188
14/12/2023;2.4;2.45;2.45;2.4;407782
13/12/2023;2.4;2.4;2.4;2.37;238567
12/12/2023;2.38;2.38;2.4;2.38;687449
11/12/2023;2.38;2.38;2.38;2.37;203873
7/12/2023;2.41;2.41;2.41;2.41;7095
6/12/2023;2.41;2.4;2.41;2.38;61308
5/12/2023;2.4;2.4;2.4;2.36;720359
4/12/2023;2.4;2.37;2.4;2.37;133869
1/12/2023;2.4;2.39;2.4;2.37;430912
30/11/2023;2.42;2.37;2.42;2.37;1099601
29/11/2023;2.42;2.42;2.42;2.42;7893
28/11/2023;2.42;2.4;2.42;2.39;96646
27/11/2023;2.4;2.42;2.42;2.4;1013765
24/11/2023;2.44;2.4;2.45;2.4;3095645
23/11/2023;2.42;2.44;2.44;2.42;55283
22/11/2023;2.41;2.42;2.42;2.4;81730
21/11/2023;2.39;2.4;2.4;2.39;384787
20/11/2023;2.42;2.38;2.42;2.38;17748
17/11/2023;2.38;2.4;2.4;2.36;108235
16/11/2023;2.37;2.38;2.38;2.36;284976
15/11/2023;2.38;2.38;2.38;2.38;10215
14/11/2023;2.4;2.36;2.4;2.36;227201
13/11/2023;2.4;2.4;2.4;2.39;2017765
10/11/2023;2.39;2.4;2.4;2.39;1327486
9/11/2023;2.4;2.39;2.4;2.37;21821
8/11/2023;2.38;2.39;2.39;2.38;54973
7/11/2023;2.38;2.38;2.38;2.37;145498
6/11/2023;2.37;2.38;2.38;2.37;61838
3/11/2023;2.28;2.36;2.37;2.28;251623
2/11/2023;2.35;2.35;2.35;2.35;77928
31/10/2023;2.37;2.37;2.37;2.35;1154616
30/10/2023;2.34;2.35;2.35;2.34;228267
27/10/2023;2.28;2.35;2.35;2.28;1214607
26/10/2023;2.3;2.3;2.3;2.29;766896
25/10/2023;2.25;2.3;2.3;2.25;124444
24/10/2023;2.29;2.3;2.3;2.29;4612057
23/10/2023;2.32;2.27;2.32;2.27;63661
20/10/2023;2.3;2.35;2.35;2.3;14948
19/10/2023;2.3;2.3;2.3;2.3;26701
18/10/2023;2.26;2.27;2.27;2.26;35712
17/10/2023;2.24;2.24;2.24;2.24;17526
16/10/2023;2.22;2.22;2.22;2.22;371794
13/10/2023;2.23;2.22;2.23;2.22;134635
12/10/2023;2.37;2.34;2.37;2.32;217571
11/10/2023;2.37;2.35;2.37;2.34;428039
10/10/2023;2.4;2.38;2.4;2.38;46534
9/10/2023;2.4;2.4;2.41;2.39;634774
6/10/2023;2.4;2.39;2.4;2.38;15968
5/10/2023;2.43;2.39;2.43;2.38;228949
4/10/2023;2.43;2.43;2.45;2.43;410744
3/10/2023;2.4;2.4;2.43;2.4;87872
2/10/2023;2.42;2.4;2.42;2.4;18214
29/09/2023;2.43;2.43;2.43;2.43;11574
28/09/2023;2.43;2.4;2.43;2.38;115182
27/09/2023;2.44;2.4;2.44;2.4;93189
26/09/2023;2.42;2.43;2.43;2.4;320138
25/09/2023;2.45;2.45;2.46;2.44;55332
22/09/2023;2.45;2.46;2.46;2.45;26712
21/09/2023;2.45;2.45;2.45;2.45;254920
20/09/2023;2.46;2.45;2.47;2.44;75248
19/09/2023;2.45;2.47;2.47;2.42;105067
18/09/2023;2.4;2.45;2.45;2.4;200348
15/09/2023;2.47;2.4;2.47;2.4;430829
14/09/2023;2.47;2.47;2.48;2.47;20156
13/09/2023;2.49;2.48;2.5;2.45;279817
12/09/2023;2.45;2.5;2.5;2.44;2616427
11/09/2023;2.45;2.45;2.48;2.45;348786
8/09/2023;2.45;2.49;2.5;2.45;95124
7/09/2023;2.49;2.45;2.49;2.45;151944
6/09/2023;2.48;2.48;2.49;2.47;298107
5/09/2023;2.48;2.5;2.5;2.46;248219
4/09/2023;2.49;2.5;2.5;2.46;100217
1/09/2023;2.5;2.5;2.5;2.49;39770
31/08/2023;2.5;2.5;2.5;2.46;198463
29/08/2023;2.5;2.5;2.5;2.45;88065
28/08/2023;2.5;2.5;2.5;2.47;151229
25/08/2023;2.5;2.5;2.5;2.5;54982
24/08/2023;2.5;2.5;2.5;2.48;135499
23/08/2023;2.5;2.5;2.5;2.45;205679
22/08/2023;2.5;2.5;2.5;2.45;114289
21/08/2023;2.4;2.5;2.5;2.39;244976
18/08/2023;2.5;2.45;2.5;2.35;405064
17/08/2023;2.52;2.5;2.52;2.5;65556
16/08/2023;2.54;2.5;2.54;2.5;171161
15/08/2023;2.53;2.54;2.54;2.53;366302
14/08/2023;2.54;2.54;2.54;2.53;33591
11/08/2023;2.5;2.53;2.53;2.5;210610
10/08/2023;2.5;2.52;2.52;2.5;2222145
9/08/2023;2.42;2.49;2.5;2.42;5671341
8/08/2023;2.4;2.42;2.42;2.4;2164757
7/08/2023;2.44;2.44;2.45;2.44;84218
4/08/2023;2.42;2.43;2.43;2.41;174531
3/08/2023;2.41;2.42;2.42;2.41;73474
2/08/2023;2.4;2.4;2.41;2.4;32583
1/08/2023;2.4;2.4;2.41;2.38;80056
31/07/2023;2.35;2.4;2.4;2.34;1059340
27/07/2023;2.35;2.35;2.35;2.34;91003
26/07/2023;2.33;2.33;2.33;2.32;186256
25/07/2023;2.3;2.32;2.32;2.3;4365972
24/07/2023;2.3;2.3;2.3;2.3;1785902
21/07/2023;2.31;2.3;2.31;2.3;282968
20/07/2023;2.31;2.3;2.32;2.3;115407
19/07/2023;2.28;2.3;2.3;2.28;78134
18/07/2023;2.26;2.27;2.27;2.26;46559
17/07/2023;2.25;2.25;2.26;2.25;91637
14/07/2023;2.25;2.25;2.26;2.24;124708
13/07/2023;2.25;2.25;2.25;2.22;527643
12/07/2023;2.26;2.25;2.26;2.25;22223
11/07/2023;2.27;2.25;2.27;2.25;572893
10/07/2023;2.22;2.25;2.26;2.22;416698
7/07/2023;2.21;2.2;2.21;2.2;50655
6/07/2023;2.21;2.21;2.21;2.21;201314
5/07/2023;2.23;2.23;2.23;2.23;179195
4/07/2023;2.22;2.23;2.23;2.22;22135
3/07/2023;2.22;2.22;2.22;2.22;21471
30/06/2023;2.25;2.2;2.25;2.2;60277
28/06/2023;2.21;2.23;2.23;2.16;300579
27/06/2023;2.25;2.23;2.25;2.18;543119
26/06/2023;2.27;2.25;2.27;2.25;46200
23/06/2023;2.25;2.25;2.25;2.25;22252
22/06/2023;2.25;2.25;2.25;2.25;302282
21/06/2023;2.25;2.25;2.25;2.23;1567193
20/06/2023;2.23;2.25;2.26;2.18;2795446
19/06/2023;2.22;2.23;2.23;2.22;43829
16/06/2023;2.17;2.2;2.2;2.17;176898
15/06/2023;2.17;2.17;2.18;2.17;270512
14/06/2023;2.18;2.18;2.18;2.18;61483
13/06/2023;2.16;2.18;2.2;2.16;3418398
12/06/2023;2.15;2.16;2.16;2.15;57229
9/06/2023;2.16;2.15;2.16;2.15;22505
8/06/2023;2.17;2.16;2.17;2.15;99804
7/06/2023;2.15;2.2;2.2;2.15;765806
6/06/2023;2.15;2.15;2.15;2.13;68592
5/06/2023;2.16;2.15;2.16;2.15;19634
2/06/2023;2.15;2.17;2.17;2.15;378996
1/06/2023;2.1;2.16;2.16;2.1;8373209
31/05/2023;2.07;2.05;2.07;2.05;2936301
30/05/2023;2.1;2.07;2.1;2.07;478687
29/05/2023;2.09;2.1;2.1;2.09;36505
26/05/2023;2.1;2.09;2.1;2.09;612055
25/05/2023;2.08;2.1;2.1;2.08;215305
24/05/2023;2.1;2.1;2.1;2.1;64455
23/05/2023;2.1;2.1;2.1;2.1;14836
22/05/2023;2.09;2.1;2.1;2.09;19246
19/05/2023;2.1;2.09;2.1;2.09;28913
18/05/2023;2.1;2.09;2.1;2.08;86656
17/05/2023;2.12;2.11;2.12;2.09;1139023
16/05/2023;2.09;2.09;2.1;2.09;176846
15/05/2023;2.11;2.11;2.11;2.11;68680
12/05/2023;2.13;2.11;2.13;2.1;31181
11/05/2023;2.13;2.13;2.13;2.13;37754
10/05/2023;2.15;2.1;2.15;2.01;757005
9/05/2023;2.15;2.13;2.15;2.13;172441
8/05/2023;2.14;2.15;2.15;2.14;28682
5/05/2023;2.15;2.13;2.15;2.13;35114
4/05/2023;2.16;2.15;2.16;2.15;17383
3/05/2023;2.13;2.13;2.13;2.13;71356
2/05/2023;2.17;2.12;2.17;2.12;1771180
28/04/2023;2.15;2.16;2.16;2.15;121584
27/04/2023;2.16;2.16;2.16;2.16;34170
26/04/2023;2.14;2.14;2.14;2.14;22296
25/04/2023;2.17;2.15;2.17;2.15;70799
24/04/2023;2.17;2.17;2.17;2.17;9375
21/04/2023;2.15;2.15;2.15;2.15;10175
20/04/2023;2.16;2.13;2.16;2.13;54757
19/04/2023;2.12;2.16;2.16;2.12;177082
18/04/2023;2.12;2.12;2.13;2.11;507855
17/04/2023;2.26;2.26;2.26;2.25;240328
14/04/2023;2.22;2.23;2.25;2.22;415055
13/04/2023;2.21;2.22;2.22;2.2;504328
12/04/2023;2.2;2.2;2.2;2.17;802074
11/04/2023;2.17;2.17;2.18;2.17;1477109
10/04/2023;2.17;2.17;2.2;2.17;863770
5/04/2023;2.18;2.17;2.21;2.17;508779
4/04/2023;2.15;2.16;2.16;2.15;480806
3/04/2023;2.15;2.15;2.15;2.15;189114
31/03/2023;2.17;2.15;2.17;2.14;281257
30/03/2023;2.16;2.12;2.17;2.12;3226145
29/03/2023;2.15;2.15;2.17;2.14;156568
28/03/2023;2.16;2.14;2.17;2.14;98471
27/03/2023;2.17;2.16;2.17;2.15;48329
24/03/2023;2.15;2.15;2.15;2.14;30721
23/03/2023;2.17;2.15;2.18;2.13;122782
22/03/2023;2.18;2.15;2.19;2.15;568663
21/03/2023;2.19;2.18;2.19;2.17;120149
20/03/2023;2.18;2.18;2.18;2.18;12308
17/03/2023;2.19;2.19;2.2;2.19;356561
16/03/2023;2.2;2.2;2.2;2.19;22985
15/03/2023;2.19;2.2;2.2;2.19;29975
14/03/2023;2.2;2.2;2.2;2.2;18131
13/03/2023;2.2;2.2;2.2;2.2;25535
10/03/2023;2.2;2.2;2.2;2.18;37200
9/03/2023;2.2;2.2;2.2;2.2;18351
8/03/2023;2.2;2.2;2.2;2.2;905491
7/03/2023;2.19;2.18;2.2;2.18;338470
6/03/2023;2.22;2.17;2.22;2.17;35138
3/03/2023;2.22;2.22;2.22;2.22;117774
2/03/2023;2.22;2.2;2.22;2.19;78096
1/03/2023;2.19;2.2;2.2;2.19;238710
28/02/2023;2.18;2.16;2.18;2.15;423293
27/02/2023;2.18;2.18;2.18;2.18;586444
24/02/2023;2.2;2.18;2.2;2.18;94078
23/02/2023;2.21;2.21;2.21;2.21;22344
22/02/2023;2.23;2.21;2.23;2.21;142242
21/02/2023;2.25;2.25;2.25;2.25;118905
20/02/2023;2.27;2.25;2.27;2.25;97866
17/02/2023;2.21;2.22;2.22;2.21;22035
16/02/2023;2.22;2.22;2.22;2.22;222020
15/02/2023;2.2;2.2;2.2;2.19;53880
14/02/2023;2.22;2.2;2.22;2.2;30645
13/02/2023;2.22;2.22;2.23;2.2;398256
10/02/2023;2.22;2.22;2.22;2.22;8750
9/02/2023;2.2;2.22;2.23;2.2;298147
8/02/2023;2.2;2.2;2.23;2.2;249915
7/02/2023;2.19;2.2;2.2;2.19;214538
6/02/2023;2.17;2.19;2.19;2.17;115049
3/02/2023;2.18;2.17;2.2;2.17;58438
2/02/2023;2.18;2.18;2.18;2.18;53171
1/02/2023;2.2;2.18;2.2;2.18;57290
31/01/2023;2.19;2.19;2.19;2.19;13566
30/01/2023;2.21;2.19;2.21;2.19;115756
27/01/2023;2.23;2.21;2.23;2.21;62776
26/01/2023;2.23;2.23;2.23;2.23;50539
25/01/2023;2.23;2.21;2.23;2.21;335193
24/01/2023;2.25;2.25;2.25;2.25;23558
23/01/2023;2.26;2.25;2.26;2.25;59692
20/01/2023;2.26;2.26;2.26;2.25;53489
19/01/2023;2.26;2.26;2.26;2.26;59411
18/01/2023;2.23;2.26;2.26;2.23;173771
17/01/2023;2.24;2.26;2.26;2.22;438673
16/01/2023;2.24;2.24;2.24;2.24;25608
13/01/2023;2.21;2.22;2.22;2.21;181119
12/01/2023;2.28;2.24;2.28;2.24;115796
11/01/2023;2.25;2.27;2.27;2.24;69078
10/01/2023;2.23;2.25;2.25;2.23;31350
9/01/2023;2.25;2.25;2.25;2.25;161508
6/01/2023;2.23;2.23;2.23;2.23;32855
5/01/2023;2.19;2.2;2.2;2.18;440744
4/01/2023;2.2;2.23;2.23;2.18;255350
3/01/2023;2.24;2.22;2.24;2.22;32359
2/01/2023;2.26;2.26;2.26;2.26;22588
30/12/2022;2.23;2.23;2.23;2.23;24254
29/12/2022;2.2;2.21;2.21;2.18;133726
28/12/2022;2.23;2.2;2.23;2.2;41376
27/12/2022;2.24;2.23;2.24;2.23;22642
26/12/2022;2.22;2.22;2.22;2.22;29866
23/12/2022;2.2;2.22;2.22;2.2;17559
22/12/2022;2.2;2.22;2.22;2.2;30608
21/12/2022;2.21;2.22;2.22;2.21;112951
20/12/2022;2.25;2.2;2.25;2.2;37194
19/12/2022;2.21;2.21;2.21;2.21;14419
16/12/2022;2.27;2.21;2.27;2.21;57136
15/12/2022;2.27;2.27;2.27;2.27;16798
14/12/2022;2.28;2.28;2.28;2.28;225950
13/12/2022;2.26;2.28;2.29;2.26;205521
12/12/2022;2.29;2.25;2.29;2.25;66545
7/12/2022;2.23;2.29;2.29;2.1;223654
6/12/2022;2.23;2.23;2.23;2.23;42450
5/12/2022;2.28;2.25;2.28;2.21;1670599
2/12/2022;2.27;2.28;2.28;2.27;25065
1/12/2022;2.25;2.27;2.27;2.25;23066
30/11/2022;2.27;2.25;2.28;2.25;293399
29/11/2022;2.27;2.27;2.27;2.27;41322
28/11/2022;2.27;2.27;2.27;2.27;65167
25/11/2022;2.27;2.27;2.28;2.27;51702
24/11/2022;2.24;2.27;2.27;2.24;175196
23/11/2022;2.21;2.23;2.23;2.21;93639
22/11/2022;2.21;2.22;2.22;2.2;396963
21/11/2022;2.23;2.2;2.25;2.16;246005
18/11/2022;2.25;2.25;2.25;2.25;42245
17/11/2022;2.26;2.25;2.26;2.25;144891
16/11/2022;2.25;2.25;2.25;2.25;722199
15/11/2022;2.26;2.25;2.26;2.25;35199
14/11/2022;2.27;2.27;2.27;2.27;35281
11/11/2022;2.28;2.3;2.3;2.28;588058
10/11/2022;2.32;2.3;2.32;2.29;120213
9/11/2022;2.3;2.32;2.32;2.3;239160
8/11/2022;2.3;2.3;2.3;2.3;65033
7/11/2022;2.3;2.3;2.32;2.27;227200
4/11/2022;2.29;2.3;2.3;2.28;491099
3/11/2022;2.27;2.27;2.27;2.27;202875
2/11/2022;2.26;2.27;2.27;2.26;126415
31/10/2022;2.25;2.26;2.26;2.25;194293
28/10/2022;2.25;2.25;2.25;2.25;79045
27/10/2022;2.25;2.25;2.25;2.25;36463
26/10/2022;2.27;2.28;2.3;2.27;953150
25/10/2022;2.25;2.27;2.27;2.25;137046
24/10/2022;2.2;2.2;2.2;2.2;150737
21/10/2022;2.23;2.23;2.23;2.23;215130
20/10/2022;2.21;2.25;2.25;2.2;31308
19/10/2022;2.25;2.23;2.25;2.23;92366
18/10/2022;2.25;2.25;2.25;2.25;100414
17/10/2022;2.23;2.23;2.23;2.23;24181
14/10/2022;2.25;2.25;2.25;2.25;16641
13/10/2022;2.24;2.25;2.25;2.24;48691
12/10/2022;2.25;2.25;2.25;2.25;424720
11/10/2022;2.25;2.25;2.25;2.25;97258
10/10/2022;2.25;2.25;2.25;2.25;60116
7/10/2022;2.25;2.25;2.25;2.25;441902
6/10/2022;2.3;2.28;2.3;2.28;426994
5/10/2022;2.24;2.26;2.26;2.24;311536
4/10/2022;2.23;2.25;2.25;2.22;130698
3/10/2022;2.19;2.24;2.24;2.18;458781
30/09/2022;2.15;2.15;2.15;2.15;187959
29/09/2022;2.15;2.15;2.16;2.15;686178
28/09/2022;2.15;2.15;2.15;2.15;21928
27/09/2022;2.1;2.13;2.13;2.1;9338142
26/09/2022;2.1;2.1;2.1;2.1;301372
23/09/2022;2.2;2.1;2.2;2.1;101514
22/09/2022;2.22;2.22;2.22;2.22;50000
21/09/2022;2.22;2.22;2.22;2.22;500560
20/09/2022;2.2;2.2;2.2;2.2;626760
19/09/2022;2.17;2.17;2.17;2.17;51120
16/09/2022;2.25;2.15;2.25;2.15;234269
15/09/2022;2.28;2.3;2.3;2.27;45870
14/09/2022;2.27;2.27;2.27;2.27;40791
13/09/2022;2.32;2.27;2.32;2.27;203918
12/09/2022;2.3;2.32;2.32;2.3;279529
9/09/2022;2.29;2.3;2.3;2.26;58013
8/09/2022;2.28;2.28;2.28;2.28;41344
7/09/2022;2.21;2.25;2.25;2.21;44950
6/09/2022;2.25;2.2;2.25;2.2;270924
5/09/2022;2.18;2.25;2.25;2.18;42837
2/09/2022;2.15;2.15;2.15;2.15;16727
1/09/2022;2.14;2.15;2.15;2.05;362991
31/08/2022;2.2;2.16;2.2;2.16;61453
29/08/2022;2.2;2.2;2.22;2.19;2356317
26/08/2022;2.19;2.2;2.2;2.19;142264
25/08/2022;2.17;2.17;2.17;2.17;2795
24/08/2022;2.16;2.2;2.2;2.16;39996
23/08/2022;2.17;2.15;2.17;2.15;131986
22/08/2022;2.16;2.15;2.16;2.15;750200
19/08/2022;2.19;2.16;2.19;2.16;1029658
18/08/2022;2.15;2.19;2.19;2.15;7973
17/08/2022;2.18;2.18;2.18;2.18;10170
16/08/2022;2.18;2.2;2.21;2.18;1075068
15/08/2022;2.16;2.16;2.16;2.16;147000
12/08/2022;2.16;2.15;2.17;2.15;2014779
11/08/2022;2.17;2.16;2.18;2.16;42959
10/08/2022;2.1;2.14;2.14;2.1;671330
9/08/2022;2.1;2.08;2.1;2.08;895082
8/08/2022;2.05;2.09;2.09;2.05;797030
5/08/2022;2.05;2.05;2.05;2.05;10645
4/08/2022;2.02;2.03;2.03;2.02;1163823
3/08/2022;2.01;2;2.01;1.98;65619
2/08/2022;2.02;1.99;2.02;1.99;727765
1/08/2022;2.01;2.01;2.01;2.01;12621
27/07/2022;2.01;2.01;2.01;2.01;39298
26/07/2022;1.99;1.99;1.99;1.99;4756
25/07/2022;2.01;1.99;2.01;1.99;23358
22/07/2022;2.01;2.01;2.01;2.01;21356
21/07/2022;1.96;2.01;2.05;1.96;1783980
20/07/2022;1.91;1.95;1.96;1.91;1510167
19/07/2022;1.88;1.9;1.9;1.88;1084967
18/07/2022;1.91;1.88;1.91;1.88;47382
15/07/2022;1.94;1.9;1.94;1.89;125977
14/07/2022;1.97;1.94;1.97;1.94;75078
13/07/2022;2.02;2.01;2.02;2;20988
12/07/2022;2;2.02;2.02;1.97;82808
11/07/2022;2.03;2.04;2.04;2.03;14327
8/07/2022;2.03;2.03;2.04;2.01;95189
7/07/2022;2.03;2.03;2.03;2.03;21500
6/07/2022;2.03;2.02;2.03;1.98;100071
5/07/2022;2.07;2.06;2.09;2.04;118186
4/07/2022;2.1;2.1;2.1;2.1;12030
1/07/2022;2.11;2.09;2.11;2.09;43714
30/06/2022;2.09;2.11;2.11;2.09;39758
28/06/2022;2.11;2.11;2.11;2.11;70450
27/06/2022;2.11;2.11;2.11;2.11;57000
24/06/2022;2.09;2.1;2.1;2.08;234800
23/06/2022;2.06;2.1;2.1;2.03;501527
22/06/2022;2.07;2.1;2.1;2.05;791655
21/06/2022;2.08;2.1;2.1;2.07;352861
20/06/2022;2.12;2.12;2.12;2.12;10500
17/06/2022;2.09;2.09;2.09;2.09;2537257
16/06/2022;2.1;2.1;2.1;2.1;45087
15/06/2022;2.12;2.12;2.12;2.09;15143
14/06/2022;2.05;2.12;2.12;2.05;56050
13/06/2022;2.1;2.08;2.1;2.04;2346756
10/06/2022;2.1;2.1;2.14;2.09;538761
9/06/2022;2.12;2.12;2.12;2.12;50047
8/06/2022;2.12;2.12;2.12;2.12;763545
7/06/2022;2.11;2.12;2.12;2.11;42010
6/06/2022;2.12;2.13;2.13;2.12;325843
3/06/2022;2.16;2.14;2.16;2.14;204886
2/06/2022;2.12;2.14;2.14;2.12;48019
1/06/2022;2.1;2.1;2.1;2.09;79264
31/05/2022;2.15;2.11;2.15;2.11;797031
30/05/2022;2.16;2.17;2.17;2.16;27020
27/05/2022;2.11;2.15;2.15;2.11;66472
26/05/2022;2.1;2.1;2.11;2.08;1823536
25/05/2022;2.08;2.1;2.1;2.08;155210
24/05/2022;2.1;2.1;2.1;2.1;4780793
23/05/2022;2.12;2.1;2.12;2.06;1020092
20/05/2022;2.13;2.12;2.13;2.1;88150
19/05/2022;2.12;2.1;2.12;2.08;3781865
18/05/2022;2.11;2.1;2.12;2.07;381120
17/05/2022;2.1;2.07;2.12;2.07;2754699
16/05/2022;2.11;2.1;2.11;2.09;62706
13/05/2022;2;2.1;2.11;2;346772
12/05/2022;2.01;2.02;2.02;1.99;3877601
11/05/2022;1.99;2.01;2.05;1.99;896574
10/05/2022;1.98;1.98;1.98;1.96;1102363
9/05/2022;1.98;1.98;2;1.96;320562
6/05/2022;1.97;2;2;1.95;3180050
5/05/2022;2.28;1.94;2.28;1.94;1485649
4/05/2022;2.31;2.29;2.31;2.29;40000
3/05/2022;2.32;2.3;2.34;2.28;171760
2/05/2022;2.32;2.32;2.32;2.31;242429
29/04/2022;2.35;2.35;2.35;2.33;1592039
28/04/2022;2.35;2.35;2.4;2.35;582947
27/04/2022;2.27;2.31;2.31;2.27;677956
26/04/2022;2.15;2.27;2.32;2.1;1166244
25/04/2022;2.3;2.15;2.3;2.1;518330
22/04/2022;2.36;2.34;2.36;2.32;553809
21/04/2022;2.4;2.37;2.41;2.37;2590607
20/04/2022;2.36;2.4;2.4;2.36;1361231
19/04/2022;2.31;2.36;2.36;2.3;2663804
18/04/2022;2.45;2.44;2.45;2.38;764874
13/04/2022;2.53;2.45;2.53;2.42;2912610
12/04/2022;2.59;2.53;2.6;2.53;383557
11/04/2022;2.55;2.58;2.58;2.55;73354
8/04/2022;2.52;2.55;2.55;2.51;5566989
7/04/2022;2.58;2.55;2.6;2.55;134016
6/04/2022;2.6;2.58;2.6;2.58;190877
5/04/2022;2.57;2.58;2.58;2.57;901170
4/04/2022;2.55;2.57;2.58;2.55;999999
1/04/2022;2.55;2.55;2.57;2.54;222535
31/03/2022;2.61;2.53;2.61;2.53;334355
30/03/2022;2.56;2.59;2.59;2.56;199883
29/03/2022;2.52;2.55;2.55;2.52;749461
28/03/2022;2.5;2.52;2.52;2.5;186770
25/03/2022;2.47;2.5;2.5;2.47;1655798
24/03/2022;2.47;2.47;2.48;2.47;537186
23/03/2022;2.46;2.45;2.47;2.45;1109607
22/03/2022;2.48;2.47;2.48;2.45;1464002
21/03/2022;2.45;2.48;2.48;2.45;166392
18/03/2022;2.42;2.45;2.45;2.41;1961288
17/03/2022;2.44;2.41;2.44;2.41;177388
16/03/2022;2.4;2.41;2.41;2.4;1420514
15/03/2022;2.4;2.4;2.4;2.4;44335
14/03/2022;2.44;2.4;2.44;2.4;128981
11/03/2022;2.41;2.44;2.45;2.41;284252
10/03/2022;2.41;2.41;2.41;2.4;1034977
9/03/2022;2.34;2.4;2.42;2.33;205282
8/03/2022;2.33;2.31;2.33;2.31;674881
7/03/2022;2.37;2.33;2.37;2.33;45574
4/03/2022;2.4;2.37;2.4;2.36;165725
3/03/2022;2.36;2.4;2.42;2.36;121474
2/03/2022;2.35;2.36;2.37;2.35;59144
1/03/2022;2.38;2.37;2.39;2.37;598449
28/02/2022;2.4;2.36;2.4;2.32;743598
25/02/2022;2.4;2.38;2.4;2.38;64124
24/02/2022;2.36;2.37;2.37;2.25;463615
23/02/2022;2.42;2.42;2.42;2.41;78847
22/02/2022;2.42;2.42;2.42;2.42;37504
21/02/2022;2.42;2.42;2.42;2.42;65965
18/02/2022;2.4;2.42;2.42;2.39;1147793
17/02/2022;2.41;2.41;2.41;2.4;821508
16/02/2022;2.46;2.41;2.49;2.41;202338
15/02/2022;2.42;2.45;2.45;2.4;129802
14/02/2022;2.41;2.42;2.42;2.37;1013967
11/02/2022;2.45;2.46;2.46;2.42;257749
10/02/2022;2.47;2.45;2.47;2.45;59499
9/02/2022;2.45;2.46;2.47;2.45;167368
8/02/2022;2.38;2.5;2.5;2.37;916425
7/02/2022;2.45;2.37;2.45;2.37;607243
4/02/2022;2.45;2.45;2.45;2.42;855100
3/02/2022;2.5;2.45;2.5;2.45;52425
2/02/2022;2.5;2.51;2.51;2.5;620166
1/02/2022;2.52;2.5;2.52;2.43;385829
31/01/2022;2.55;2.56;2.56;2.54;578374
28/01/2022;2.58;2.6;2.62;2.58;2628435
27/01/2022;2.45;2.63;2.63;2.45;3500008
26/01/2022;2.45;2.42;2.45;2.4;1454606
25/01/2022;2.4;2.45;2.45;2.37;2061569
24/01/2022;2.48;2.45;2.48;2.36;523283
21/01/2022;2.54;2.5;2.54;2.5;3153993
20/01/2022;2.5;2.54;2.56;2.5;2007007
19/01/2022;2.45;2.51;2.51;2.45;3826805
18/01/2022;2.42;2.46;2.46;2.41;690604
17/01/2022;2.4;2.45;2.45;2.4;930075
14/01/2022;2.42;2.4;2.42;2.38;307553
13/01/2022;2.45;2.45;2.46;2.45;2497342
12/01/2022;2.4;2.45;2.46;2.4;2058025
11/01/2022;2.27;2.4;2.43;2.27;11110400
10/01/2022;2.27;2.27;2.28;2.26;2686864
7/01/2022;2.27;2.27;2.29;2.27;2862065
6/01/2022;2.25;2.28;2.28;2.25;2870377
5/01/2022;2.25;2.26;2.28;2.25;851348
4/01/2022;2.17;2.26;2.27;2.17;4060037
3/01/2022;2.05;2.17;2.17;2.05;2339312
31/12/2021;2.03;2.05;2.05;2.03;103242
30/12/2021;2.02;2.05;2.05;2.02;1446588
29/12/2021;2.01;2.02;2.03;2.01;105801
28/12/2021;2.01;2.01;2.02;2;200992
27/12/2021;1.97;2;2.02;1.97;6733269
24/12/2021;1.95;1.95;1.95;1.95;532200
23/12/2021;1.93;1.94;1.94;1.93;333780
22/12/2021;1.91;1.93;1.93;1.91;30950
21/12/2021;1.92;1.91;1.92;1.91;28190
20/12/2021;1.94;1.92;1.94;1.91;41700
17/12/2021;1.94;1.94;1.95;1.92;196976
16/12/2021;1.89;1.94;1.94;1.89;389009
15/12/2021;1.91;1.89;1.91;1.89;1408173
14/12/2021;1.89;1.89;1.9;1.88;2089168
13/12/2021;1.85;1.88;1.91;1.85;868068
10/12/2021;1.82;1.85;1.86;1.82;3160768
9/12/2021;1.85;1.85;1.85;1.81;106487
7/12/2021;1.92;1.85;1.92;1.85;1316025
6/12/2021;1.77;1.92;1.92;1.77;5432627
3/12/2021;1.82;1.75;1.82;1.74;351849
2/12/2021;1.82;1.82;1.82;1.82;1460599
1/12/2021;1.9;1.82;1.9;1.82;819455
30/11/2021;1.86;1.89;1.92;1.86;1020173
29/11/2021;1.82;1.86;1.86;1.82;55250
26/11/2021;1.86;1.82;1.86;1.79;393892
25/11/2021;1.89;1.89;1.89;1.89;24100
24/11/2021;1.89;1.88;1.89;1.88;47378
23/11/2021;1.85;1.88;1.88;1.85;654297
22/11/2021;1.88;1.86;1.88;1.83;341775
19/11/2021;1.92;1.91;1.93;1.9;267670
18/11/2021;1.92;1.91;1.92;1.9;718869
17/11/2021;1.92;1.92;1.92;1.92;95280
16/11/2021;1.92;1.92;1.92;1.92;166806
15/11/2021;1.93;1.93;1.93;1.92;66804
12/11/2021;1.92;1.92;1.93;1.92;814092
11/11/2021;1.9;1.92;1.92;1.9;189451
10/11/2021;1.87;1.9;1.9;1.87;2365255
9/11/2021;1.9;1.88;1.9;1.88;89181
8/11/2021;1.92;1.9;1.92;1.88;318476
5/11/2021;1.9;1.9;1.93;1.88;582547
4/11/2021;1.9;1.88;1.91;1.88;669795
3/11/2021;1.93;1.92;1.94;1.92;450477
2/11/2021;1.95;1.93;1.95;1.92;201215
29/10/2021;1.96;1.99;1.99;1.95;556645
28/10/2021;2;1.96;2;1.96;2350036
27/10/2021;1.92;1.98;1.98;1.92;789747
26/10/2021;1.96;1.93;1.96;1.93;902845
25/10/2021;1.94;1.97;1.97;1.93;580609
22/10/2021;1.95;1.93;1.95;1.93;281813
21/10/2021;1.93;1.93;1.95;1.91;360280
20/10/2021;1.9;1.93;1.93;1.9;879817
19/10/2021;1.88;1.89;1.9;1.88;295535
18/10/2021;1.86;1.87;1.88;1.86;838013
15/10/2021;1.84;1.87;1.88;1.84;860144
14/10/2021;1.8;1.83;1.85;1.8;683716
13/10/2021;1.84;1.91;1.91;1.84;2485954
12/10/2021;1.85;1.85;1.87;1.85;537155
11/10/2021;1.8;1.85;1.85;1.8;751789
7/10/2021;1.73;1.8;1.8;1.73;867439
6/10/2021;1.71;1.7;1.71;1.7;60914
5/10/2021;1.7;1.7;1.7;1.7;90185
4/10/2021;1.69;1.69;1.69;1.69;37780
1/10/2021;1.67;1.68;1.68;1.64;407999
30/09/2021;1.7;1.69;1.7;1.68;218900
29/09/2021;1.71;1.7;1.71;1.7;324986
28/09/2021;1.7;1.71;1.71;1.7;202879
27/09/2021;1.68;1.71;1.72;1.68;75805
24/09/2021;1.68;1.68;1.68;1.68;62498
23/09/2021;1.66;1.67;1.67;1.66;412205
22/09/2021;1.68;1.67;1.68;1.67;282000
21/09/2021;1.69;1.67;1.69;1.67;84639
20/09/2021;1.65;1.67;1.67;1.65;89554
17/09/2021;1.7;1.65;1.72;1.65;1017017
16/09/2021;1.72;1.7;1.72;1.69;236641
15/09/2021;1.72;1.72;1.73;1.72;463284
14/09/2021;1.7;1.7;1.7;1.7;224406
13/09/2021;1.7;1.7;1.72;1.69;272408
10/09/2021;1.68;1.68;1.68;1.67;74822
9/09/2021;1.66;1.67;1.69;1.66;1781158
8/09/2021;1.66;1.65;1.67;1.65;287610
7/09/2021;1.65;1.65;1.65;1.65;1726340
6/09/2021;1.67;1.66;1.67;1.66;89583
3/09/2021;1.64;1.67;1.68;1.64;181237
2/09/2021;1.7;1.64;1.7;1.64;494800
1/09/2021;1.75;1.72;1.76;1.71;1057102
31/08/2021;1.72;1.72;1.77;1.72;249244
27/08/2021;1.66;1.72;1.76;1.66;252769
26/08/2021;1.61;1.65;1.65;1.61;242964
25/08/2021;1.63;1.6;1.63;1.6;389572
24/08/2021;1.53;1.63;1.66;1.53;328453
23/08/2021;1.47;1.51;1.51;1.47;79112
20/08/2021;1.45;1.45;1.5;1.43;786085
19/08/2021;1.55;1.43;1.57;1.43;616555
18/08/2021;1.57;1.56;1.57;1.56;366083
17/08/2021;1.55;1.56;1.56;1.55;1214488
16/08/2021;1.52;1.54;1.54;1.52;100780
13/08/2021;1.52;1.52;1.52;1.5;74500
12/08/2021;1.47;1.49;1.5;1.45;1118927
11/08/2021;1.45;1.47;1.48;1.45;673523
10/08/2021;1.45;1.43;1.46;1.43;4993956
9/08/2021;1.45;1.45;1.45;1.42;189000
6/08/2021;1.45;1.45;1.47;1.45;924840
5/08/2021;1.45;1.47;1.47;1.44;2128955
4/08/2021;1.52;1.45;1.52;1.41;616272
3/08/2021;1.53;1.5;1.54;1.5;273189
2/08/2021;1.62;1.53;1.65;1.53;298281
30/07/2021;1.71;1.57;1.71;1.5;561292
27/07/2021;1.77;1.77;1.77;1.77;1081309
26/07/2021;1.77;1.77;1.79;1.77;1362870
23/07/2021;1.77;1.77;1.78;1.76;1887998
22/07/2021;1.67;1.77;1.77;1.67;740224
21/07/2021;1.68;1.66;1.68;1.66;1768112
20/07/2021;1.65;1.66;1.66;1.64;80937
19/07/2021;1.62;1.62;1.62;1.6;2059564
16/07/2021;1.61;1.62;1.64;1.6;622341
15/07/2021;1.6;1.62;1.62;1.6;739435
14/07/2021;1.65;1.59;1.65;1.59;380911
13/07/2021;1.62;1.63;1.63;1.62;121940
12/07/2021;1.62;1.62;1.63;1.6;538023
9/07/2021;1.62;1.62;1.62;1.62;1045579
8/07/2021;1.62;1.63;1.65;1.62;1255138
7/07/2021;1.6;1.61;1.62;1.6;266622
6/07/2021;1.61;1.6;1.61;1.6;100265
5/07/2021;1.54;1.56;1.56;1.54;26070
2/07/2021;1.54;1.54;1.54;1.54;27750
1/07/2021;1.59;1.54;1.59;1.51;716449
30/06/2021;1.56;1.61;1.68;1.56;1712909
28/06/2021;1.45;1.54;1.54;1.45;444413
25/06/2021;1.41;1.41;1.41;1.4;6559518
24/06/2021;1.44;1.37;1.44;1.37;1456523
23/06/2021;1.43;1.43;1.45;1.4;24770748
22/06/2021;1.43;1.43;1.43;1.42;3416460
21/06/2021;1.43;1.45;1.45;1.43;2205958
18/06/2021;1.41;1.43;1.45;1.41;668688
17/06/2021;1.44;1.41;1.44;1.41;267515
16/06/2021;1.51;1.45;1.51;1.45;3695695
15/06/2021;1.49;1.5;1.5;1.48;150948
14/06/2021;1.53;1.52;1.55;1.5;94571
11/06/2021;1.59;1.51;1.59;1.51;169378
10/06/2021;1.58;1.59;1.63;1.58;945457
9/06/2021;1.48;1.54;1.57;1.39;855797
8/06/2021;1.53;1.48;1.7;1.48;883919
7/06/2021;1.69;1.5;1.69;1.5;731770
4/06/2021;1.72;1.77;1.79;1.72;1313122
3/06/2021;1.68;1.69;1.7;1.67;1611066
2/06/2021;1.64;1.7;1.7;1.62;1341740
1/06/2021;1.72;1.66;1.72;1.65;311700
31/05/2021;1.77;1.74;1.77;1.73;406052
28/05/2021;1.66;1.77;1.78;1.66;5701737
27/05/2021;1.69;1.6;1.69;1.6;299411
26/05/2021;1.72;1.74;1.74;1.72;173600
25/05/2021;1.75;1.74;1.77;1.71;323174
24/05/2021;1.84;1.78;1.84;1.74;4238150
21/05/2021;1.9;1.87;1.9;1.72;1876046
20/05/2021;1.9;1.93;1.93;1.9;616127
19/05/2021;1.87;1.9;1.91;1.87;580402
18/05/2021;1.89;1.9;1.91;1.89;452753
17/05/2021;1.96;1.92;1.96;1.9;663036
14/05/2021;1.98;1.99;1.99;1.97;274690
13/05/2021;1.95;1.98;2;1.95;2632821
12/05/2021;1.91;1.93;1.93;1.91;264526
11/05/2021;1.89;1.91;1.92;1.89;3811987
10/05/2021;1.91;1.89;1.91;1.86;608607
7/05/2021;1.88;1.91;1.91;1.88;1417376
6/05/2021;1.84;1.83;1.85;1.81;149601
5/05/2021;1.83;1.84;1.84;1.82;298131
4/05/2021;1.8;1.83;1.83;1.8;450240
3/05/2021;1.84;1.8;1.84;1.8;191627
30/04/2021;1.8;1.84;1.85;1.8;541902
29/04/2021;1.7;1.77;1.79;1.7;615411
28/04/2021;1.64;1.7;1.7;1.63;452146
27/04/2021;1.68;1.64;1.68;1.6;729115
26/04/2021;1.7;1.7;1.7;1.67;166324
23/04/2021;1.67;1.72;1.72;1.67;4203853
22/04/2021;1.78;1.65;1.8;1.65;2549135
21/04/2021;1.82;1.8;1.82;1.78;1803349
20/04/2021;1.9;1.82;1.9;1.78;1269901
19/04/2021;2.09;1.99;2.09;1.99;941010
16/04/2021;2.09;2.12;2.12;2.05;690743
15/04/2021;2.12;2.08;2.12;2.07;463832
14/04/2021;2.11;2.1;2.11;2.1;158117
13/04/2021;2.17;2.13;2.18;2.11;754127
12/04/2021;2.1;2.15;2.15;2.05;244275
9/04/2021;2.23;2.16;2.23;2.15;1271016
8/04/2021;2.24;2.25;2.25;2.24;776954
7/04/2021;2.22;2.24;2.25;2.22;639769
6/04/2021;2.2;2.22;2.22;2.2;223893
5/04/2021;2.2;2.2;2.2;2.2;59336
31/03/2021;2.25;2.22;2.25;2.22;323004
30/03/2021;2.2;2.25;2.25;2.14;1385405
29/03/2021;2.16;2.17;2.17;2.14;119292
26/03/2021;2.18;2.16;2.18;2.13;385506
25/03/2021;2.19;2.18;2.19;2.17;554284
24/03/2021;2.26;2.2;2.26;2.2;641495
23/03/2021;2.27;2.26;2.27;2.25;407908
22/03/2021;2.25;2.27;2.27;2.18;2078893
19/03/2021;2.23;2.25;2.25;2.23;416733
18/03/2021;2.21;2.23;2.24;2.19;1441983
17/03/2021;2.2;2.21;2.22;2.2;693174
16/03/2021;2.19;2.2;2.2;2.19;323462
15/03/2021;2.19;2.19;2.19;2.18;343200
12/03/2021;2.18;2.18;2.2;2.18;155786
11/03/2021;2.18;2.18;2.18;2.13;433353
10/03/2021;2.18;2.18;2.18;2.15;816590
9/03/2021;2.13;2.18;2.18;2.13;612302
8/03/2021;2.14;2.14;2.14;2.11;1694366
5/03/2021;2.13;2.14;2.16;2.11;1117194
4/03/2021;2.17;2.15;2.18;2.14;275072
3/03/2021;2.12;2.15;2.15;2.12;4075978
2/03/2021;2.13;2.14;2.15;2.13;249312
1/03/2021;2.08;2.13;2.14;2.08;270367
26/02/2021;2.14;2.1;2.16;2.1;1349034
25/02/2021;2.1;2.12;2.12;2.07;2347677
24/02/2021;2.1;2.1;2.1;2.08;1293153
23/02/2021;2.06;2.08;2.08;2.05;3012662
22/02/2021;2.07;2.07;2.07;2.06;267088
19/02/2021;2.07;2.07;2.08;2.06;1042832
18/02/2021;2.07;2.07;2.07;2.05;1786760
17/02/2021;2.06;2.07;2.07;2.06;476842
16/02/2021;2.06;2.06;2.1;2.05;609976
15/02/2021;2.02;2.01;2.02;2.01;161284
12/02/2021;2.02;2.01;2.02;2;635707
11/02/2021;2.04;2.02;2.04;2.02;179580
10/02/2021;2.05;2.04;2.05;2.04;390500
9/02/2021;2.03;2.03;2.04;2.02;998700
8/02/2021;2.02;1.99;2.05;1.99;606550
5/02/2021;1.99;2.02;2.02;1.98;509813
4/02/2021;2.05;2;2.05;1.98;1424880
3/02/2021;2.05;2.05;2.05;2.03;2780051
2/02/2021;2.05;2.05;2.05;2.05;530763
1/02/2021;2.06;2.05;2.06;2.05;584927
29/01/2021;2.04;2.05;2.06;2.04;471863
28/01/2021;2.06;2.05;2.07;2.04;460061
27/01/2021;2;2.05;2.05;1.99;1178596
26/01/2021;2.08;2.11;2.16;2.08;9786627
25/01/2021;2.01;2.08;2.08;2.01;396075
22/01/2021;1.99;2.01;2.01;1.99;468768
21/01/2021;1.98;1.99;1.99;1.98;309206
20/01/2021;1.96;1.98;1.98;1.96;166788
19/01/2021;1.96;1.97;1.98;1.95;1054648
18/01/2021;1.95;1.96;1.98;1.92;288924
15/01/2021;1.95;1.95;1.95;1.92;312525
14/01/2021;1.9;1.95;1.95;1.9;419710
13/01/2021;1.9;1.9;1.9;1.87;464996
12/01/2021;1.89;1.9;1.9;1.89;309904
11/01/2021;1.89;1.9;1.9;1.88;1102247
8/01/2021;1.88;1.9;1.93;1.88;7486871
7/01/2021;1.79;1.88;1.88;1.79;9386391
6/01/2021;1.75;1.79;1.79;1.75;1183932
5/01/2021;1.72;1.75;1.75;1.72;623594
4/01/2021;1.72;1.72;1.74;1.71;1364684
31/12/2020;1.74;1.74;1.74;1.74;1400
30/12/2020;1.73;1.74;1.74;1.73;128721
29/12/2020;1.73;1.73;1.73;1.73;211038
28/12/2020;1.74;1.74;1.75;1.74;1413404
24/12/2020;1.73;1.73;1.73;1.73;10000
23/12/2020;1.73;1.73;1.73;1.72;271144
22/12/2020;1.77;1.73;1.77;1.73;408673
21/12/2020;1.77;1.75;1.78;1.75;182485
18/12/2020;1.78;1.78;1.79;1.77;71519
17/12/2020;1.77;1.77;1.77;1.77;81234
16/12/2020;1.75;1.76;1.76;1.75;89435
15/12/2020;1.78;1.75;1.78;1.75;130893
14/12/2020;1.76;1.78;1.79;1.76;212154
11/12/2020;1.78;1.76;1.78;1.76;548888
10/12/2020;1.79;1.76;1.79;1.75;586542
9/12/2020;1.79;1.79;1.81;1.79;443848
7/12/2020;1.75;1.77;1.77;1.75;655079
4/12/2020;1.73;1.75;1.75;1.73;1205626
3/12/2020;1.7;1.73;1.73;1.7;2048141
2/12/2020;1.7;1.7;1.7;1.7;952780
1/12/2020;1.69;1.7;1.7;1.69;563750
30/11/2020;1.73;1.69;1.73;1.69;376778
27/11/2020;1.7;1.72;1.73;1.7;346981
26/11/2020;1.7;1.7;1.7;1.7;472034
25/11/2020;1.7;1.7;1.7;1.69;85010
24/11/2020;1.72;1.7;1.72;1.7;287318
23/11/2020;1.72;1.72;1.72;1.72;14131
20/11/2020;1.7;1.7;1.7;1.69;155475
19/11/2020;1.73;1.72;1.73;1.72;238648
18/11/2020;1.71;1.75;1.75;1.71;425596
17/11/2020;1.7;1.71;1.71;1.7;792569
16/11/2020;1.68;1.7;1.7;1.68;901423
13/11/2020;1.73;1.68;1.73;1.65;409757
12/11/2020;1.72;1.73;1.73;1.72;392189
11/11/2020;1.7;1.71;1.71;1.7;1662693
10/11/2020;1.69;1.69;1.69;1.67;368445
9/11/2020;1.74;1.75;1.75;1.71;76364
6/11/2020;1.7;1.7;1.7;1.7;568575
5/11/2020;1.68;1.69;1.69;1.68;1561519
4/11/2020;1.69;1.68;1.69;1.68;126197
3/11/2020;1.73;1.7;1.73;1.7;290022
2/11/2020;1.75;1.73;1.75;1.73;214504
30/10/2020;1.73;1.75;1.75;1.73;115787
29/10/2020;1.74;1.72;1.74;1.71;311307
28/10/2020;1.73;1.71;1.73;1.68;746189
27/10/2020;1.73;1.73;1.73;1.73;90400
26/10/2020;1.72;1.73;1.73;1.72;432051
23/10/2020;1.7;1.7;1.7;1.7;75650
22/10/2020;1.7;1.7;1.7;1.7;9139
21/10/2020;1.7;1.72;1.72;1.7;35334
20/10/2020;1.69;1.7;1.7;1.69;136107
19/10/2020;1.65;1.67;1.67;1.65;160652
16/10/2020;1.63;1.65;1.66;1.63;1147337
15/10/2020;1.63;1.63;1.65;1.63;358848
14/10/2020;1.67;1.63;1.67;1.62;127321
13/10/2020;1.68;1.67;1.68;1.67;1204059
12/10/2020;1.68;1.68;1.68;1.68;132928
9/10/2020;1.68;1.68;1.68;1.68;33800
8/10/2020;1.68;1.68;1.68;1.68;214296
7/10/2020;1.69;1.69;1.69;1.69;22140
6/10/2020;1.7;1.69;1.7;1.69;1047003
5/10/2020;1.72;1.71;1.72;1.7;216791
2/10/2020;1.74;1.72;1.74;1.72;682656
1/10/2020;1.77;1.74;1.77;1.74;115628
30/09/2020;1.7;1.75;1.75;1.7;288862
29/09/2020;1.74;1.72;1.74;1.72;564950
28/09/2020;1.72;1.74;1.74;1.72;1134550
25/09/2020;1.72;1.72;1.72;1.72;1221000
24/09/2020;1.69;1.72;1.72;1.69;1393630
23/09/2020;1.76;1.77;1.78;1.76;244010
22/09/2020;1.77;1.75;1.77;1.74;436910
21/09/2020;1.76;1.75;1.76;1.74;104788
18/09/2020;1.77;1.76;1.77;1.75;8399257
17/09/2020;1.77;1.77;1.77;1.77;6341304
16/09/2020;1.75;1.79;1.79;1.75;2602611
15/09/2020;1.73;1.73;1.75;1.73;1635937
14/09/2020;1.74;1.74;1.75;1.74;2014970
11/09/2020;1.73;1.7;1.73;1.7;1199499
10/09/2020;1.73;1.73;1.73;1.73;78321
9/09/2020;1.77;1.77;1.77;1.76;80908
8/09/2020;1.72;1.75;1.75;1.72;177407
7/09/2020;1.72;1.72;1.72;1.7;643433
4/09/2020;1.75;1.72;1.75;1.72;57624
3/09/2020;1.76;1.76;1.76;1.75;406476
2/09/2020;1.77;1.77;1.77;1.76;250160
1/09/2020;1.78;1.8;1.82;1.78;680727
31/08/2020;1.77;1.8;1.8;1.77;1082692
28/08/2020;1.75;1.76;1.76;1.75;147492
27/08/2020;1.75;1.75;1.77;1.73;319889
26/08/2020;1.71;1.73;1.73;1.71;284260
25/08/2020;1.72;1.72;1.72;1.72;69604
24/08/2020;1.72;1.71;1.72;1.71;117864
21/08/2020;1.71;1.75;1.75;1.7;127446
20/08/2020;1.71;1.73;1.73;1.7;119793
19/08/2020;1.73;1.73;1.73;1.7;301308
18/08/2020;1.73;1.73;1.75;1.73;255317
17/08/2020;1.73;1.73;1.76;1.73;220616
14/08/2020;1.7;1.75;1.75;1.7;118077
13/08/2020;1.68;1.7;1.7;1.68;238985
12/08/2020;1.7;1.7;1.7;1.69;182658
11/08/2020;1.71;1.7;1.71;1.7;397509
10/08/2020;1.68;1.7;1.7;1.67;156698
7/08/2020;1.72;1.67;1.73;1.67;123144
6/08/2020;1.76;1.74;1.76;1.74;333172
5/08/2020;1.72;1.78;1.78;1.72;378949
4/08/2020;1.71;1.69;1.71;1.65;432782
3/08/2020;1.72;1.72;1.72;1.72;136851
31/07/2020;1.74;1.75;1.75;1.67;2866126
30/07/2020;1.8;1.75;1.8;1.75;594510
29/07/2020;1.65;1.8;1.8;1.65;7634732
27/07/2020;1.6;1.65;1.65;1.6;285951
24/07/2020;1.6;1.6;1.61;1.59;1175076
23/07/2020;1.6;1.6;1.6;1.59;1406137
22/07/2020;1.55;1.6;1.6;1.55;236939
21/07/2020;1.57;1.55;1.6;1.55;257583
20/07/2020;1.52;1.55;1.55;1.52;65823
17/07/2020;1.51;1.51;1.51;1.5;462312
16/07/2020;1.5;1.52;1.52;1.5;332954
15/07/2020;1.5;1.5;1.51;1.5;1689940
14/07/2020;1.5;1.5;1.51;1.5;284030
13/07/2020;1.52;1.5;1.53;1.5;288588
10/07/2020;1.53;1.5;1.53;1.5;376206
9/07/2020;1.53;1.53;1.55;1.51;243708
8/07/2020;1.56;1.53;1.56;1.53;357926
7/07/2020;1.57;1.55;1.57;1.55;206409
6/07/2020;1.6;1.58;1.6;1.56;321757
3/07/2020;1.61;1.6;1.61;1.6;448394
2/07/2020;1.6;1.6;1.61;1.6;303102
1/07/2020;1.61;1.6;1.62;1.6;868814
30/06/2020;1.58;1.6;1.6;1.58;311961
26/06/2020;1.5;1.58;1.6;1.5;1185697
25/06/2020;1.45;1.46;1.5;1.45;1230887
24/06/2020;1.41;1.45;1.45;1.4;503627
23/06/2020;1.4;1.4;1.4;1.4;857308
22/06/2020;1.4;1.38;1.43;1.38;960217
19/06/2020;1.44;1.4;1.45;1.4;1299343
18/06/2020;1.45;1.42;1.45;1.42;667834
17/06/2020;1.43;1.45;1.45;1.43;212300
16/06/2020;1.43;1.41;1.43;1.4;430054
15/06/2020;1.4;1.38;1.4;1.38;714134
12/06/2020;1.4;1.4;1.41;1.4;1108498
11/06/2020;1.43;1.38;1.43;1.38;807995
10/06/2020;1.49;1.45;1.49;1.45;1095662
9/06/2020;1.52;1.48;1.52;1.47;1056873
8/06/2020;1.55;1.54;1.59;1.54;3018836
5/06/2020;1.48;1.52;1.54;1.48;1068770
4/06/2020;1.43;1.43;1.44;1.42;1248765
3/06/2020;1.41;1.43;1.45;1.41;3067283
2/06/2020;1.4;1.41;1.41;1.4;1583510
1/06/2020;1.44;1.4;1.44;1.39;2552323
29/05/2020;1.42;1.44;1.44;1.42;2283860
28/05/2020;1.4;1.42;1.42;1.4;1006407
27/05/2020;1.4;1.41;1.41;1.4;611989
26/05/2020;1.42;1.4;1.42;1.39;437943
25/05/2020;1.37;1.41;1.42;1.37;312350
22/05/2020;1.35;1.37;1.37;1.35;168917
21/05/2020;1.35;1.34;1.35;1.34;261205
20/05/2020;1.34;1.34;1.35;1.34;394255
19/05/2020;1.35;1.32;1.35;1.31;703818
18/05/2020;1.35;1.37;1.37;1.34;618605
15/05/2020;1.3;1.33;1.33;1.3;372194
14/05/2020;1.28;1.27;1.3;1.27;934862
13/05/2020;1.31;1.3;1.32;1.29;1188089
12/05/2020;1.31;1.31;1.35;1.3;1865753
11/05/2020;1.36;1.31;1.36;1.31;2401787
8/05/2020;1.3;1.36;1.36;1.3;312007
7/05/2020;1.23;1.3;1.33;1.23;2415855
6/05/2020;1.22;1.23;1.25;1.21;2336413
5/05/2020;1.18;1.21;1.22;1.18;706528
4/05/2020;1.15;1.14;1.17;1.14;432890
30/04/2020;1.16;1.15;1.17;1.14;1614546
29/04/2020;1.13;1.16;1.16;1.13;1636623
28/04/2020;1.13;1.13;1.13;1.12;521999
27/04/2020;1.14;1.13;1.14;1.12;604843
24/04/2020;1.13;1.14;1.14;1.11;3129128
23/04/2020;1.13;1.12;1.14;1.12;1921546
22/04/2020;1.15;1.12;1.16;1.12;6676310
21/04/2020;1.19;1.15;1.19;1.15;570577
20/04/2020;1.21;1.17;1.21;1.17;881762
17/04/2020;1.23;1.21;1.23;1.21;941493
16/04/2020;1.23;1.23;1.25;1.23;1786627
15/04/2020;1.23;1.21;1.23;1.21;760140
14/04/2020;1.23;1.23;1.23;1.23;367865
13/04/2020;1.22;1.23;1.23;1.22;615620
8/04/2020;1.2;1.21;1.21;1.18;218423
7/04/2020;1.22;1.2;1.22;1.2;1030104
6/04/2020;1.16;1.22;1.23;1.16;1378731
3/04/2020;1.17;1.17;1.17;1.15;933249
2/04/2020;1.19;1.17;1.19;1.17;2437845
1/04/2020;1.23;1.2;1.23;1.19;1412397
31/03/2020;1.22;1.26;1.36;1.22;3212708
30/03/2020;1.22;1.21;1.25;1.2;2399486
27/03/2020;1.4;1.22;1.4;1.22;1591073
26/03/2020;1.41;1.41;1.41;1.4;563877
25/03/2020;1.46;1.42;1.46;1.42;211363
24/03/2020;1.48;1.47;1.48;1.46;2722617
23/03/2020;1.55;1.48;1.55;1.48;106654
20/03/2020;1.65;1.6;1.65;1.6;409250
19/03/2020;1.7;1.7;1.7;1.7;5000
18/03/2020;1.79;1.75;1.79;1.75;65000
17/03/2020;1.8;1.79;1.8;1.79;47990
16/03/2020;1.83;1.82;1.83;1.82;627957
13/03/2020;1.82;1.83;1.83;1.82;672063
12/03/2020;1.83;1.78;1.83;1.78;1353035
11/03/2020;1.93;1.89;1.93;1.89;1249310
10/03/2020;1.93;1.93;1.94;1.92;2017137
9/03/2020;1.95;1.92;1.95;1.9;1620633
6/03/2020;2.08;2;2.08;2;974932
5/03/2020;2.09;2.09;2.09;2.09;697122
4/03/2020;2.09;2.1;2.1;2.09;350250
3/03/2020;2;2.08;2.08;2;134318
2/03/2020;2;2;2;2;18000
28/02/2020;1.98;1.99;2;1.98;432634
27/02/2020;1.98;2;2.01;1.95;742150
26/02/2020;2.03;2;2.03;1.98;5132624
25/02/2020;2.04;2.03;2.05;2.03;379827
24/02/2020;2.09;2.05;2.09;2.05;360201
21/02/2020;2.11;2.1;2.11;2.1;69684
20/02/2020;2.1;2.11;2.11;2.1;1205900
19/02/2020;2.09;2.1;2.1;2.09;1343354
18/02/2020;2.09;2.09;2.09;2.09;1738079
17/02/2020;2.08;2.1;2.1;2.08;681680
14/02/2020;2.04;2.07;2.07;2.04;119363
13/02/2020;2.07;2.05;2.07;2.05;259900
12/02/2020;2.05;2.07;2.09;2.02;345842
11/02/2020;2.09;2.05;2.09;2.05;569401
10/02/2020;2.1;2.1;2.1;2.1;14915
7/02/2020;2.1;2.09;2.1;2.09;122549
6/02/2020;2.11;2.1;2.11;2.1;49800
5/02/2020;2.11;2.11;2.13;2.1;404600
4/02/2020;2.05;2.1;2.1;2.05;250751
3/02/2020;2;2.03;2.03;2;66000
31/01/2020;2.05;2;2.05;2;845885
30/01/2020;2.06;2.05;2.06;2.05;124661
29/01/2020;2.05;2.05;2.05;2.05;227151
28/01/2020;2.06;2.05;2.06;2.05;244090
27/01/2020;2.09;2.07;2.09;2.07;289849
24/01/2020;2.1;2.1;2.1;2.09;461588
23/01/2020;2.11;2.1;2.11;2.1;217407
22/01/2020;2.11;2.11;2.11;2.11;1523546
21/01/2020;2.11;2.11;2.12;2.11;6189264
20/01/2020;2.12;2.12;2.12;2.1;69547
17/01/2020;2.12;2.12;2.12;2.09;266675
16/01/2020;2.06;2.12;2.12;2.06;246437
15/01/2020;2.09;2.05;2.09;2.05;884863
14/01/2020;2.1;2.09;2.11;2.09;411050
13/01/2020;2.12;2.1;2.12;2.09;420197
10/01/2020;2.1;2.12;2.12;2.09;391160
9/01/2020;2.13;2.12;2.13;2.1;163661
8/01/2020;2.14;2.12;2.14;2.12;74510
7/01/2020;2.14;2.15;2.15;2.14;126147
6/01/2020;2.16;2.14;2.16;2.14;83316
3/01/2020;2.16;2.17;2.17;2.15;41193
2/01/2020;2.19;2.18;2.19;2.18;48221
31/12/2019;2.18;2.19;2.19;2.17;367500
30/12/2019;2.15;2.17;2.17;2.15;959562
27/12/2019;2.16;2.15;2.16;2.15;673817
26/12/2019;2.15;2.16;2.16;2.15;287493
24/12/2019;2.15;2.15;2.15;2.15;24093
23/12/2019;2.14;2.14;2.14;2.13;740645
20/12/2019;2.14;2.13;2.15;2.13;1026764
19/12/2019;2.12;2.14;2.15;2.12;603150
18/12/2019;2.11;2.11;2.11;2.11;633800
17/12/2019;2.1;2.11;2.14;2.1;326803
16/12/2019;2.04;2.1;2.1;2.04;5346131
13/12/2019;2.04;2.04;2.04;2;1455900
12/12/2019;2.05;2.04;2.05;2.04;505000
11/12/2019;2.06;2.05;2.06;2.05;1209961
10/12/2019;2.07;2.06;2.07;2.06;140843
9/12/2019;2.12;2.07;2.12;2.07;709637
6/12/2019;2.14;2.12;2.14;2.11;678760
5/12/2019;2.1;2.12;2.12;2.1;477984
4/12/2019;2.12;2.1;2.12;2.1;398144
3/12/2019;2.14;2.12;2.14;2.11;500152
2/12/2019;2.14;2.15;2.15;2.14;768043
29/11/2019;2.16;2.14;2.16;2.14;544200
28/11/2019;2.13;2.15;2.15;2.11;235922
27/11/2019;2.14;2.14;2.14;2.14;408052
26/11/2019;2.18;2.14;2.18;2.14;820677
25/11/2019;2.2;2.19;2.2;2.19;400000
22/11/2019;2.17;2.18;2.2;2.17;508606
21/11/2019;2.15;2.15;2.15;2.15;725800
20/11/2019;2.12;2.14;2.14;2.11;577544
19/11/2019;2.2;2.17;2.2;2.15;327407
18/11/2019;2.13;2.22;2.22;2.13;109450
15/11/2019;2.1;2.14;2.15;2.1;116676
14/11/2019;2.1;2.1;2.1;2.1;234530
13/11/2019;2.09;2.1;2.1;2.09;41140
12/11/2019;2.09;2.1;2.1;2.09;270884
11/11/2019;2.1;2.1;2.12;2.09;552903
8/11/2019;2.14;2.12;2.14;2.12;638767
7/11/2019;2.16;2.15;2.16;2.15;490800
6/11/2019;2.18;2.16;2.19;2.16;271351
5/11/2019;2.23;2.18;2.23;2.18;125551
4/11/2019;2.19;2.21;2.24;2.19;485406
31/10/2019;2.09;2.17;2.17;2.08;2332061
30/10/2019;2.06;2.06;2.07;2.06;107444
29/10/2019;2.06;2.07;2.07;2.06;69111
28/10/2019;2.08;2.07;2.08;2.07;289863
25/10/2019;2.07;2.08;2.08;2.07;297925
24/10/2019;2.07;2.07;2.08;2.06;448408
23/10/2019;2.08;2.08;2.08;2.08;306000
22/10/2019;2.07;2.07;2.08;2.07;147020
21/10/2019;2.08;2.06;2.08;2.06;424342
18/10/2019;2.07;2.08;2.08;2.07;966911
17/10/2019;2.07;2.07;2.07;2.06;3954094
16/10/2019;2.08;2.06;2.08;2.06;432473
15/10/2019;2.02;2.07;2.07;2.02;161475
14/10/2019;2.01;2.02;2.03;2.01;90500
11/10/2019;1.96;2;2;1.96;24017065
10/10/2019;1.97;1.96;1.97;1.96;149137
9/10/2019;1.98;1.97;1.98;1.97;33711
7/10/2019;1.99;1.98;1.99;1.98;3225578
4/10/2019;2.02;2;2.04;1.99;520267
3/10/2019;2.04;2.04;2.04;2.04;54884
2/10/2019;2.06;2.04;2.06;2.04;30000
1/10/2019;2.09;2.08;2.09;2.08;77820
30/09/2019;2.11;2.11;2.11;2.11;626480
27/09/2019;2.12;2.13;2.14;2.12;750328
26/09/2019;2.06;2.12;2.12;2.06;601679
25/09/2019;2.06;2.06;2.11;2.06;451830
24/09/2019;2.08;2.08;2.08;2.08;117811
23/09/2019;2.1;2.09;2.1;2.08;137350
20/09/2019;2.11;2.11;2.11;2.1;61000
19/09/2019;2.1;2.11;2.11;2.1;263698
18/09/2019;2.12;2.1;2.12;2.1;121750
17/09/2019;2.11;2.11;2.11;2.11;40000
16/09/2019;2.11;2.11;2.11;2.11;67000
13/09/2019;2.09;2.11;2.11;2.09;372297
12/09/2019;2.09;2.1;2.1;2.09;116281
11/09/2019;2.1;2.1;2.1;2.09;239099
10/09/2019;2.09;2.1;2.11;2.09;198840
9/09/2019;2.1;2.1;2.1;2.09;307277
6/09/2019;2.09;2.1;2.11;2.08;634337
5/09/2019;2.07;2.09;2.09;2.06;439014
4/09/2019;2.05;2.07;2.07;2.05;679673
3/09/2019;2.05;2.05;2.05;2.05;450000
2/09/2019;2.04;2.05;2.05;2.04;246332
29/08/2019;2.06;2.05;2.06;2.03;335011
28/08/2019;2.06;2.05;2.07;2.05;371770
27/08/2019;2.02;2.04;2.04;2;7826973
26/08/2019;2.04;2.02;2.05;2.02;269160
23/08/2019;2.08;2.03;2.08;2.03;905840
22/08/2019;2.08;2.08;2.08;2.07;297951
21/08/2019;2.08;2.07;2.08;2.07;1111032
20/08/2019;2.08;2.08;2.08;2.08;618412
19/08/2019;2.08;2.08;2.1;2.07;428724
16/08/2019;2.08;2.08;2.08;2.08;272948
15/08/2019;2.09;2.07;2.09;2.07;4871238
14/08/2019;2.15;2.08;2.15;2.03;967111
13/08/2019;2.13;2.15;2.15;2.13;229867
12/08/2019;2.14;2.14;2.14;2.12;60860
9/08/2019;2.15;2.15;2.15;2.15;29283
8/08/2019;2.14;2.14;2.14;2.14;692621
7/08/2019;2.13;2.13;2.13;2.12;505024
6/08/2019;2.11;2.12;2.12;2.11;121795
5/08/2019;2.13;2.11;2.13;2.07;1205931
2/08/2019;2.16;2.15;2.16;2.13;108798
1/08/2019;2.16;2.15;2.16;2.14;196272
31/07/2019;2.16;2.16;2.16;2.15;619541
30/07/2019;2.23;2.16;2.23;2.14;877580
26/07/2019;2.23;2.23;2.25;2.22;91600
25/07/2019;2.15;2.21;2.21;2.15;944390
24/07/2019;2.11;2.11;2.11;2.1;149475
23/07/2019;2.12;2.11;2.12;2.11;600447
22/07/2019;2.16;2.12;2.16;2.12;585943
19/07/2019;2.18;2.16;2.18;2.14;1175555
18/07/2019;2.18;2.18;2.18;2.18;1123530
17/07/2019;2.2;2.18;2.2;2.18;237708
16/07/2019;2.22;2.21;2.22;2.2;330147
15/07/2019;2.27;2.2;2.27;2.2;540946
12/07/2019;2.27;2.27;2.27;2.27;363569
11/07/2019;2.27;2.26;2.27;2.26;205529
10/07/2019;2.3;2.27;2.3;2.27;633407
9/07/2019;2.29;2.29;2.29;2.29;213291
8/07/2019;2.27;2.29;2.29;2.25;225460
5/07/2019;2.31;2.27;2.4;2.27;151899
4/07/2019;2.31;2.3;2.31;2.3;108154
3/07/2019;2.34;2.3;2.34;2.29;546807
2/07/2019;2.35;2.34;2.42;2.32;358482
1/07/2019;2.28;2.32;2.32;2.28;99029
28/06/2019;2.24;2.26;2.26;2.23;551127
27/06/2019;2.23;2.24;2.24;2.22;465662
26/06/2019;2.2;2.25;2.25;2.2;550806
25/06/2019;2.25;2.22;2.25;2.2;604280
24/06/2019;2.21;2.25;2.25;2.19;55500
21/06/2019;2.25;2.2;2.25;2.2;545515
20/06/2019;2.25;2.25;2.25;2.25;40374
19/06/2019;2.25;2.25;2.25;2.24;63300
18/06/2019;2.22;2.25;2.25;2.22;248554
17/06/2019;2.24;2.2;2.24;2.2;158398
14/06/2019;2.2;2.22;2.22;2.2;1128478
13/06/2019;2.2;2.2;2.2;2.19;239100
12/06/2019;2.23;2.2;2.23;2.2;328000
11/06/2019;2.2;2.21;2.21;2.18;671137
10/06/2019;2.2;2.2;2.2;2.2;160157
7/06/2019;2.2;2.2;2.2;2.2;250200
6/06/2019;2.2;2.2;2.2;2.19;679799
5/06/2019;2.16;2.18;2.18;2.16;305260
4/06/2019;2.14;2.16;2.18;2.14;417813
3/06/2019;2.18;2.16;2.18;2.16;302429
31/05/2019;2.19;2.17;2.19;2.17;53186
30/05/2019;2.21;2.19;2.21;2.19;502700
29/05/2019;2.24;2.21;2.24;2.2;6889742
28/05/2019;2.21;2.26;2.26;2.21;815430
27/05/2019;2.25;2.21;2.25;2.21;484322
24/05/2019;2.28;2.25;2.29;2.25;273270
23/05/2019;2.32;2.28;2.32;2.25;500000
22/05/2019;2.35;2.33;2.35;2.33;39976
21/05/2019;2.34;2.34;2.34;2.34;18531
20/05/2019;2.37;2.35;2.37;2.35;80490
17/05/2019;2.39;2.38;2.39;2.37;73058
16/05/2019;2.38;2.4;2.4;2.34;967005
15/05/2019;2.4;2.38;2.4;2.38;200768
14/05/2019;2.44;2.41;2.44;2.41;296729
13/05/2019;2.46;2.46;2.46;2.42;172546
10/05/2019;2.46;2.48;2.49;2.46;162357
9/05/2019;2.48;2.47;2.48;2.46;275850
8/05/2019;2.47;2.5;2.5;2.46;203479
7/05/2019;2.47;2.46;2.47;2.46;92518
6/05/2019;2.45;2.47;2.47;2.44;123791
3/05/2019;2.43;2.45;2.45;2.42;373397
2/05/2019;2.46;2.44;2.46;2.44;601826
30/04/2019;2.4;2.45;2.45;2.4;817109
29/04/2019;2.39;2.39;2.4;2.38;763376
26/04/2019;2.39;2.39;2.44;2.39;739633
25/04/2019;2.37;2.37;2.37;2.37;1589302
24/04/2019;2.38;2.37;2.39;2.37;155799
23/04/2019;2.38;2.38;2.38;2.37;346983
22/04/2019;2.39;2.39;2.41;2.39;138267
17/04/2019;2.41;2.41;2.41;2.4;233400
16/04/2019;2.43;2.42;2.43;2.4;470646
15/04/2019;2.4;2.41;2.41;2.4;125267
12/04/2019;2.5;2.51;2.52;2.5;554546
11/04/2019;2.48;2.5;2.5;2.48;111365
10/04/2019;2.48;2.48;2.49;2.48;176540
9/04/2019;2.48;2.48;2.49;2.48;305800
8/04/2019;2.5;2.5;2.5;2.5;60500
5/04/2019;2.5;2.52;2.52;2.48;337383
4/04/2019;2.5;2.51;2.51;2.49;157094
3/04/2019;2.46;2.49;2.49;2.46;1078622
2/04/2019;2.44;2.46;2.46;2.44;217078
1/04/2019;2.47;2.44;2.47;2.44;219434
29/03/2019;2.48;2.47;2.48;2.47;628283
28/03/2019;2.49;2.47;2.49;2.47;446810
27/03/2019;2.47;2.49;2.49;2.47;726800
26/03/2019;2.45;2.47;2.47;2.45;203295
25/03/2019;2.48;2.45;2.48;2.45;1373227
22/03/2019;2.48;2.48;2.48;2.46;187516
21/03/2019;2.49;2.49;2.49;2.49;406872
20/03/2019;2.48;2.49;2.49;2.48;435740
19/03/2019;2.46;2.47;2.48;2.46;313716
18/03/2019;2.46;2.47;2.47;2.46;275659
15/03/2019;2.49;2.45;2.49;2.45;842887
14/03/2019;2.49;2.49;2.49;2.49;182901
13/03/2019;2.47;2.49;2.51;2.46;462214
12/03/2019;2.46;2.47;2.47;2.46;598738
11/03/2019;2.44;2.45;2.45;2.44;490907
8/03/2019;2.46;2.44;2.46;2.44;651048
7/03/2019;2.48;2.47;2.48;2.46;915713
6/03/2019;2.47;2.48;2.48;2.47;2263857
5/03/2019;2.48;2.47;2.48;2.45;650936
4/03/2019;2.47;2.48;2.49;2.47;426973
1/03/2019;2.47;2.48;2.51;2.47;885656
28/02/2019;2.48;2.46;2.49;2.46;810063
27/02/2019;2.5;2.48;2.5;2.48;1202913
26/02/2019;2.54;2.51;2.54;2.51;403835
25/02/2019;2.56;2.55;2.56;2.55;402398
22/02/2019;2.58;2.56;2.58;2.56;425328
21/02/2019;2.65;2.57;2.65;2.57;1142872
20/02/2019;2.66;2.66;2.66;2.66;275448
19/02/2019;2.66;2.66;2.66;2.66;1078658
18/02/2019;2.66;2.66;2.67;2.66;282151
15/02/2019;2.61;2.66;2.66;2.6;173151
14/02/2019;2.57;2.61;2.61;2.57;504179
13/02/2019;2.58;2.58;2.59;2.58;409079
12/02/2019;2.58;2.59;2.59;2.58;135625
11/02/2019;2.58;2.57;2.58;2.57;71753
8/02/2019;2.59;2.59;2.6;2.59;84087
7/02/2019;2.6;2.6;2.6;2.6;306000
6/02/2019;2.6;2.59;2.6;2.59;1016553
5/02/2019;2.6;2.6;2.6;2.59;336175
4/02/2019;2.59;2.6;2.6;2.59;773331
1/02/2019;2.52;2.58;2.58;2.52;11255231
31/01/2019;2.53;2.52;2.53;2.52;728952
30/01/2019;2.55;2.52;2.55;2.52;1203108
29/01/2019;2.53;2.54;2.54;2.53;18905
28/01/2019;2.54;2.54;2.54;2.52;430217
25/01/2019;2.48;2.54;2.54;2.48;2416605
24/01/2019;2.47;2.47;2.48;2.46;749735
23/01/2019;2.48;2.47;2.49;2.47;97594
22/01/2019;2.51;2.49;2.51;2.48;155261
21/01/2019;2.49;2.5;2.51;2.49;41687
18/01/2019;2.5;2.5;2.5;2.5;70000
17/01/2019;2.49;2.48;2.49;2.47;257612
16/01/2019;2.51;2.49;2.51;2.49;515853
15/01/2019;2.53;2.5;2.53;2.5;720640
14/01/2019;2.54;2.54;2.55;2.52;499022
11/01/2019;2.55;2.54;2.55;2.54;58541
10/01/2019;2.53;2.55;2.55;2.53;347018
9/01/2019;2.53;2.53;2.53;2.5;327222
8/01/2019;2.45;2.54;2.55;2.45;84000
7/01/2019;2.4;2.44;2.45;2.4;93677
4/01/2019;2.41;2.4;2.41;2.4;318400
3/01/2019;2.44;2.4;2.44;2.4;605699
2/01/2019;2.53;2.45;2.53;2.45;442913
31/12/2018;2.43;2.54;2.54;2.43;182615
28/12/2018;2.44;2.42;2.44;2.41;822333
27/12/2018;2.44;2.45;2.45;2.4;946163
26/12/2018;2.46;2.43;2.46;2.43;70800
24/12/2018;2.45;2.45;2.45;2.45;21493
21/12/2018;2.45;2.45;2.45;2.44;430909
20/12/2018;2.47;2.45;2.47;2.45;871818
19/12/2018;2.45;2.48;2.5;2.45;2494433
18/12/2018;2.37;2.45;2.45;2.37;1050911
17/12/2018;2.36;2.35;2.38;2.34;689712
14/12/2018;2.3;2.35;2.35;2.3;1397153
13/12/2018;2.32;2.3;2.32;2.3;1820528
12/12/2018;2.3;2.33;2.4;2.29;2166510
11/12/2018;2.33;2.3;2.33;2.3;524671
10/12/2018;2.31;2.32;2.32;2.3;189695
7/12/2018;2.35;2.31;2.35;2.31;871825
6/12/2018;2.37;2.34;2.37;2.32;296757
5/12/2018;2.4;2.38;2.42;2.36;500000
4/12/2018;2.36;2.42;2.42;2.36;801477
3/12/2018;2.35;2.36;2.36;2.34;1210315
30/11/2018;2.34;2.34;2.34;2.34;27968
29/11/2018;2.33;2.35;2.36;2.31;122690
28/11/2018;2.34;2.33;2.36;2.33;129870
27/11/2018;2.37;2.35;2.37;2.35;112679
26/11/2018;2.37;2.38;2.4;2.37;123055
23/11/2018;2.37;2.37;2.39;2.35;165917
22/11/2018;2.37;2.38;2.38;2.37;1283148
21/11/2018;2.38;2.37;2.38;2.37;32700
20/11/2018;2.33;2.38;2.38;2.29;289467
19/11/2018;2.37;2.35;2.37;2.35;132527
16/11/2018;2.3;2.37;2.37;2.3;279170
15/11/2018;2.29;2.29;2.29;2.29;34423
14/11/2018;2.29;2.29;2.29;2.29;27037
13/11/2018;2.31;2.3;2.31;2.3;384288
12/11/2018;2.35;2.3;2.35;2.3;388346
9/11/2018;2.4;2.36;2.4;2.36;227650
8/11/2018;2.39;2.4;2.4;2.39;420400
7/11/2018;2.36;2.39;2.39;2.36;234510
6/11/2018;2.31;2.35;2.4;2.31;1008588
5/11/2018;2.26;2.32;2.32;2.23;380996
2/11/2018;2.1;2.27;2.27;2.08;1799265
31/10/2018;2.08;2.11;2.11;2.08;1382115
30/10/2018;2.07;2.07;2.07;2.06;394877
29/10/2018;2.06;2.07;2.1;2.06;733094
26/10/2018;2.1;2.05;2.1;2.05;1924783
25/10/2018;2.11;2.1;2.11;2.1;122455
24/10/2018;2.12;2.12;2.12;2.12;1126671
23/10/2018;2.17;2.12;2.17;2.12;750699
22/10/2018;2.18;2.18;2.18;2.17;771652
19/10/2018;2.18;2.18;2.18;2.18;145441
18/10/2018;2.2;2.18;2.2;2.18;144500
17/10/2018;2.23;2.2;2.23;2.2;2458010
16/10/2018;2.28;2.23;2.28;2.23;163259
15/10/2018;2.3;2.3;2.3;2.3;31523
12/10/2018;2.3;2.3;2.3;2.27;250858
11/10/2018;2.34;2.31;2.34;2.31;44220
10/10/2018;2.33;2.33;2.33;2.25;1193747
9/10/2018;2.32;2.33;2.33;2.32;57009
5/10/2018;2.34;2.33;2.34;2.33;609907
4/10/2018;2.35;2.35;2.36;2.34;105713
3/10/2018;2.37;2.35;2.37;2.35;319250
2/10/2018;2.36;2.37;2.37;2.36;680845
1/10/2018;2.36;2.37;2.37;2.34;107656
28/09/2018;2.34;2.35;2.35;2.34;295972
27/09/2018;2.37;2.33;2.38;2.33;142818
26/09/2018;2.4;2.37;2.4;2.37;150560
25/09/2018;2.4;2.4;2.4;2.4;880422
24/09/2018;2.45;2.41;2.45;2.41;1988650
21/09/2018;2.36;2.45;2.45;2.36;6006182
20/09/2018;2.33;2.35;2.35;2.33;359583
19/09/2018;2.24;2.33;2.33;2.24;6723233
18/09/2018;2.22;2.24;2.24;2.22;1095022
17/09/2018;2.18;2.19;2.19;2.18;465488
14/09/2018;2.18;2.19;2.2;2.18;270150
13/09/2018;2.11;2.17;2.17;2.11;2403709
12/09/2018;2.11;2.11;2.13;2.1;188621
11/09/2018;2.14;2.11;2.14;2.11;644631
10/09/2018;2.17;2.14;2.17;2.14;699461
7/09/2018;2.2;2.17;2.2;2.17;359150
6/09/2018;2.24;2.2;2.25;2.19;296401
5/09/2018;2.29;2.24;2.29;2.24;120456
4/09/2018;2.3;2.3;2.3;2.3;908601
3/09/2018;2.3;2.3;2.31;2.3;129783
31/08/2018;2.26;2.3;2.3;2.24;1087704
29/08/2018;2.3;2.28;2.31;2.28;67165
28/08/2018;2.31;2.31;2.31;2.3;450085
27/08/2018;2.31;2.31;2.31;2.31;500000
24/08/2018;2.29;2.3;2.3;2.29;291316
23/08/2018;2.28;2.28;2.28;2.28;8000
22/08/2018;2.3;2.28;2.3;2.28;1356736
21/08/2018;2.31;2.3;2.32;2.29;2089948
20/08/2018;2.33;2.3;2.33;2.3;554488
17/08/2018;2.3;2.32;2.32;2.3;104000
16/08/2018;2.3;2.3;2.3;2.3;1389947
15/08/2018;2.37;2.32;2.37;2.32;595465
14/08/2018;2.39;2.39;2.39;2.39;22599
13/08/2018;2.38;2.39;2.39;2.37;83422
10/08/2018;2.4;2.4;2.4;2.4;32930
9/08/2018;2.41;2.4;2.41;2.38;332770
8/08/2018;2.41;2.4;2.41;2.4;1157000
7/08/2018;2.32;2.4;2.4;2.3;1246337
6/08/2018;2.4;2.4;2.4;2.4;71690
3/08/2018;2.36;2.4;2.4;2.36;177844
2/08/2018;2.35;2.36;2.38;2.35;428815
1/08/2018;2.34;2.35;2.35;2.32;378386
31/07/2018;2.4;2.36;2.4;2.36;501770
30/07/2018;2.45;2.42;2.45;2.42;64308
27/07/2018;2.44;2.44;2.45;2.44;215535
26/07/2018;2.45;2.44;2.45;2.41;378453
25/07/2018;2.45;2.45;2.45;2.45;150000
24/07/2018;2.44;2.46;2.47;2.44;190000
23/07/2018;2.4;2.42;2.42;2.4;787936
20/07/2018;2.37;2.4;2.4;2.37;83194
19/07/2018;2.32;2.36;2.36;2.32;110244
18/07/2018;2.31;2.32;2.32;2.31;59240
17/07/2018;2.29;2.31;2.31;2.29;1625983
16/07/2018;2.29;2.28;2.29;2.28;130660
13/07/2018;2.3;2.3;2.3;2.3;116474
12/07/2018;2.3;2.3;2.3;2.29;1183581
11/07/2018;2.36;2.29;2.37;2.29;2622017
10/07/2018;2.36;2.38;2.38;2.36;536200
9/07/2018;2.35;2.35;2.36;2.35;555960
6/07/2018;2.35;2.36;2.36;2.35;443088
5/07/2018;2.35;2.36;2.36;2.33;1472742
4/07/2018;2.39;2.37;2.4;2.37;222800
3/07/2018;2.37;2.4;2.4;2.36;1466923
2/07/2018;2.36;2.36;2.36;2.36;44300
28/06/2018;2.41;2.35;2.41;2.35;331168
27/06/2018;2.42;2.42;2.43;2.42;425857
26/06/2018;2.38;2.42;2.42;2.37;827408
25/06/2018;2.38;2.37;2.38;2.37;533914
22/06/2018;2.4;2.38;2.4;2.38;407957
21/06/2018;2.4;2.4;2.4;2.4;1132710
20/06/2018;2.4;2.39;2.4;2.39;914177
19/06/2018;2.41;2.39;2.41;2.39;559095
18/06/2018;2.45;2.43;2.45;2.43;552195
15/06/2018;2.52;2.45;2.52;2.45;1339904
14/06/2018;2.52;2.52;2.52;2.52;11873
13/06/2018;2.52;2.52;2.53;2.52;152657
12/06/2018;2.52;2.53;2.54;2.52;449789
11/06/2018;2.58;2.52;2.58;2.52;501661
8/06/2018;2.6;2.58;2.6;2.58;78662
7/06/2018;2.63;2.6;2.63;2.58;1192496
6/06/2018;2.61;2.63;2.63;2.61;594337
5/06/2018;2.64;2.6;2.64;2.6;500000
4/06/2018;2.61;2.63;2.63;2.61;230117
1/06/2018;2.66;2.61;2.66;2.61;256374
31/05/2018;2.66;2.66;2.66;2.66;2221725
30/05/2018;2.66;2.66;2.67;2.65;339391
29/05/2018;2.65;2.66;2.66;2.65;754484
28/05/2018;2.64;2.65;2.65;2.64;346659
25/05/2018;2.62;2.64;2.64;2.62;128583
24/05/2018;2.63;2.64;2.64;2.63;372294
23/05/2018;2.65;2.63;2.65;2.63;475000
22/05/2018;2.62;2.66;2.66;2.62;1797978
21/05/2018;2.61;2.62;2.62;2.61;101067
18/05/2018;2.62;2.61;2.62;2.61;520936
17/05/2018;2.56;2.62;2.62;2.55;619905
16/05/2018;2.55;2.56;2.56;2.55;298210
15/05/2018;2.57;2.55;2.57;2.55;22793
14/05/2018;2.61;2.56;2.61;2.56;257716
11/05/2018;2.61;2.62;2.62;2.6;330763
10/05/2018;2.58;2.61;2.62;2.58;751514
9/05/2018;2.58;2.57;2.6;2.56;380938
8/05/2018;2.58;2.58;2.58;2.58;740214
7/05/2018;2.58;2.58;2.59;2.58;287294
4/05/2018;2.6;2.58;2.6;2.58;2229791
3/05/2018;2.61;2.61;2.61;2.6;124361
2/05/2018;2.63;2.63;2.63;2.62;3105617
30/04/2018;2.65;2.63;2.65;2.63;1014200
27/04/2018;2.64;2.63;2.64;2.6;3330000
26/04/2018;2.6;2.64;2.67;2.6;470678
25/04/2018;2.57;2.6;2.6;2.57;1979771
24/04/2018;2.55;2.57;2.57;2.55;1286203
23/04/2018;2.55;2.55;2.55;2.55;164000
20/04/2018;2.53;2.56;2.56;2.53;906725
19/04/2018;2.67;2.67;2.67;2.67;804711
18/04/2018;2.62;2.66;2.66;2.62;111422
17/04/2018;2.55;2.61;2.61;2.55;1691093
16/04/2018;2.55;2.55;2.56;2.54;2828080
12/04/2018;2.55;2.55;2.55;2.55;153606
11/04/2018;2.54;2.55;2.55;2.54;2252540
10/04/2018;2.54;2.54;2.54;2.52;311998
9/04/2018;2.55;2.53;2.55;2.53;216134
6/04/2018;2.53;2.55;2.55;2.53;527437
5/04/2018;2.53;2.53;2.53;2.53;243032
4/04/2018;2.53;2.54;2.54;2.52;502574
3/04/2018;2.53;2.52;2.53;2.52;261795
2/04/2018;2.55;2.53;2.55;2.53;602617
28/03/2018;2.54;2.54;2.54;2.54;304895
27/03/2018;2.54;2.54;2.54;2.54;89430
26/03/2018;2.55;2.55;2.56;2.55;411420
23/03/2018;2.54;2.55;2.56;2.54;1574847
22/03/2018;2.54;2.54;2.54;2.53;356681
21/03/2018;2.5;2.53;2.53;2.5;1245135
20/03/2018;2.54;2.52;2.54;2.52;1087750
19/03/2018;2.54;2.54;2.54;2.54;99207
16/03/2018;2.55;2.54;2.55;2.54;616251
15/03/2018;2.55;2.55;2.55;2.54;932049
14/03/2018;2.56;2.54;2.56;2.54;156345
13/03/2018;2.57;2.57;2.57;2.57;916968
12/03/2018;2.6;2.58;2.6;2.58;56000
9/03/2018;2.61;2.61;2.62;2.6;922360
8/03/2018;2.57;2.61;2.61;2.57;1181487
7/03/2018;2.57;2.58;2.58;2.57;1008900
6/03/2018;2.57;2.57;2.58;2.57;1515719
5/03/2018;2.52;2.57;2.58;2.52;779340
2/03/2018;2.51;2.52;2.52;2.51;20120
1/03/2018;2.52;2.51;2.52;2.51;356622
28/02/2018;2.55;2.53;2.56;2.53;372524
27/02/2018;2.55;2.55;2.55;2.54;500000
26/02/2018;2.55;2.55;2.55;2.55;2585019
23/02/2018;2.56;2.55;2.57;2.55;1569360
22/02/2018;2.57;2.55;2.57;2.55;171266
21/02/2018;2.57;2.57;2.57;2.57;500966
20/02/2018;2.58;2.58;2.58;2.58;44054
19/02/2018;2.59;2.59;2.59;2.59;31332
16/02/2018;2.59;2.6;2.6;2.59;45000
15/02/2018;2.59;2.6;2.6;2.59;745026
14/02/2018;2.56;2.59;2.59;2.56;559362
13/02/2018;2.55;2.55;2.55;2.55;504240
12/02/2018;2.56;2.56;2.56;2.55;914600
9/02/2018;2.57;2.56;2.57;2.55;902685
8/02/2018;2.57;2.57;2.6;2.57;1199183
7/02/2018;2.55;2.57;2.57;2.54;416565
6/02/2018;2.57;2.55;2.59;2.54;1908554
5/02/2018;2.59;2.59;2.6;2.59;1922019
2/02/2018;2.58;2.59;2.59;2.58;2602445
1/02/2018;2.58;2.59;2.6;2.58;519299
31/01/2018;2.59;2.59;2.59;2.59;184519
30/01/2018;2.65;2.59;2.65;2.59;778569
29/01/2018;2.67;2.65;2.67;2.64;622899
26/01/2018;2.58;2.68;2.68;2.58;1887299
25/01/2018;2.57;2.57;2.58;2.57;336629
24/01/2018;2.57;2.58;2.58;2.57;231611
23/01/2018;2.58;2.57;2.58;2.55;137047
22/01/2018;2.58;2.58;2.58;2.57;510183
19/01/2018;2.58;2.59;2.59;2.57;368393
18/01/2018;2.59;2.6;2.6;2.59;10523700
17/01/2018;2.6;2.59;2.6;2.59;212918
16/01/2018;2.59;2.6;2.6;2.59;384446
12/01/2018;2.6;2.58;2.6;2.58;68610
11/01/2018;2.59;2.59;2.59;2.59;11776800
10/01/2018;2.59;2.58;2.59;2.58;175129
9/01/2018;2.58;2.59;2.6;2.58;1441720
8/01/2018;2.59;2.58;2.59;2.58;338672
5/01/2018;2.59;2.59;2.59;2.58;1000000
4/01/2018;2.59;2.59;2.6;2.58;1347765
3/01/2018;2.61;2.59;2.61;2.59;549707
2/01/2018;2.55;2.6;2.6;2.55;342885
29/12/2017;2.55;2.55;2.55;2.54;218147
28/12/2017;2.5;2.55;2.55;2.48;136875
27/12/2017;2.48;2.5;2.5;2.48;198270
26/12/2017;2.53;2.49;2.53;2.49;153444
22/12/2017;2.52;2.53;2.53;2.52;3640242
21/12/2017;2.4;2.45;2.48;2.4;939305
20/12/2017;2.31;2.37;2.37;2.31;1171240
19/12/2017;2.33;2.3;2.33;2.3;553647
18/12/2017;2.25;2.34;2.37;2.23;2333514
15/12/2017;2.31;2.27;2.31;2.2;2716790
14/12/2017;2.4;2.32;2.4;2.32;3709816
13/12/2017;2.48;2.44;2.48;2.44;4545499
12/12/2017;2.5;2.49;2.5;2.47;522339
11/12/2017;2.5;2.5;2.5;2.49;603725
7/12/2017;2.47;2.5;2.5;2.46;3601574
6/12/2017;2.57;2.48;2.57;2.48;3630936
5/12/2017;2.59;2.57;2.59;2.57;2316086
4/12/2017;2.64;2.6;2.64;2.6;623617
1/12/2017;2.6;2.64;2.64;2.6;1976809
30/11/2017;2.63;2.6;2.63;2.6;2018148
29/11/2017;2.65;2.63;2.65;2.62;167035
28/11/2017;2.64;2.65;2.65;2.63;1692231
27/11/2017;2.66;2.64;2.66;2.64;2686621
24/11/2017;2.65;2.65;2.66;2.65;2004765
23/11/2017;2.67;2.65;2.68;2.65;1097810
22/11/2017;2.6;2.66;2.67;2.6;1963207
21/11/2017;2.57;2.6;2.63;2.57;801222
20/11/2017;2.56;2.57;2.57;2.55;403245
17/11/2017;2.47;2.55;2.55;2.47;2540032
16/11/2017;2.44;2.47;2.47;2.44;720000
15/11/2017;2.49;2.43;2.49;2.43;589428
14/11/2017;2.53;2.5;2.53;2.45;595139
13/11/2017;2.56;2.54;2.56;2.5;708516
10/11/2017;2.56;2.56;2.56;2.55;1624340
9/11/2017;2.56;2.56;2.56;2.55;797172
8/11/2017;2.57;2.56;2.58;2.56;1062740
7/11/2017;2.61;2.57;2.61;2.55;723247
6/11/2017;2.66;2.61;2.66;2.6;964937
3/11/2017;2.67;2.66;2.67;2.66;1293764
2/11/2017;2.54;2.67;2.7;2.54;7062617
31/10/2017;2.61;2.54;2.61;2.5;50891731
30/10/2017;2.56;2.61;2.61;2.56;1050000
27/10/2017;2.53;2.56;2.56;2.53;1236184
26/10/2017;2.44;2.52;2.52;2.44;10789527
25/10/2017;2.45;2.44;2.45;2.42;784730
24/10/2017;2.4;2.45;2.45;2.4;3509443
23/10/2017;2.33;2.4;2.4;2.33;2169221
20/10/2017;2.33;2.33;2.33;2.32;360481
19/10/2017;2.35;2.33;2.35;2.33;337865
18/10/2017;2.37;2.35;2.37;2.35;5734390
17/10/2017;2.39;2.37;2.39;2.37;455021
16/10/2017;2.36;2.39;2.39;2.36;642121
13/10/2017;2.3;2.37;2.38;2.3;7348570
12/10/2017;2.33;2.34;2.34;2.33;508026
11/10/2017;2.34;2.32;2.34;2.32;1990611
10/10/2017;2.39;2.35;2.39;2.34;3607307
9/10/2017;2.38;2.38;2.4;2.38;472809
6/10/2017;2.39;2.39;2.39;2.38;2226771
5/10/2017;2.34;2.39;2.39;2.34;2657692
4/10/2017;2.27;2.33;2.33;2.27;4339422
3/10/2017;2.14;2.27;2.27;2.14;501535
2/10/2017;2.13;2.14;2.14;2.13;377167
29/09/2017;2.12;2.13;2.14;2.12;454810
28/09/2017;2.1;2.12;2.12;2.1;454015
27/09/2017;2.1;2.1;2.1;2.09;508722
26/09/2017;2.1;2.08;2.1;2.08;757297
25/09/2017;2.1;2.1;2.1;2.08;485405
22/09/2017;2.08;2.1;2.11;2.08;2205750
21/09/2017;2.04;2.07;2.07;2.04;504919
20/09/2017;2.01;2.04;2.04;2.01;259503
19/09/2017;2;2.01;2.01;2;1220000
18/09/2017;1.99;2;2.01;1.99;3052757
15/09/2017;2;1.99;2;1.98;105814
14/09/2017;1.99;2;2;1.99;706502
13/09/2017;1.97;1.99;1.99;1.97;1233386
12/09/2017;2.04;1.98;2.04;1.98;555150
11/09/2017;1.99;2.05;2.06;1.99;4997280
8/09/2017;1.96;1.98;1.98;1.95;3267853
7/09/2017;1.95;1.95;1.96;1.95;432855
6/09/2017;1.94;1.94;1.94;1.93;4393851
5/09/2017;1.95;1.94;1.95;1.93;776774
4/09/2017;1.95;1.95;1.95;1.94;834397
1/09/2017;1.93;1.94;1.96;1.93;597732
31/08/2017;1.88;1.92;1.92;1.88;16708577
29/08/2017;1.88;1.88;1.89;1.88;7088051
28/08/2017;1.88;1.88;1.89;1.88;2242150
25/08/2017;1.89;1.88;1.89;1.88;90080
24/08/2017;1.89;1.89;1.89;1.89;3700242
23/08/2017;1.89;1.89;1.89;1.89;6995632
22/08/2017;1.88;1.89;1.89;1.88;120056
21/08/2017;1.87;1.87;1.88;1.87;1068965
18/08/2017;1.84;1.86;1.86;1.84;140807
17/08/2017;1.83;1.84;1.84;1.83;107849
16/08/2017;1.81;1.82;1.82;1.81;14427
15/08/2017;1.81;1.81;1.81;1.81;535917
14/08/2017;1.81;1.81;1.81;1.81;315510
11/08/2017;1.81;1.81;1.81;1.81;435052
10/08/2017;1.83;1.81;1.83;1.81;846806
9/08/2017;1.85;1.83;1.85;1.83;116230
8/08/2017;1.87;1.85;1.88;1.85;83400
7/08/2017;1.88;1.87;1.88;1.87;48105
4/08/2017;1.88;1.88;1.88;1.88;323240
3/08/2017;1.88;1.88;1.88;1.88;475664
2/08/2017;1.86;1.87;1.88;1.84;1736957
1/08/2017;1.8;1.85;1.85;1.8;620457
31/07/2017;1.8;1.8;1.8;1.79;829782
27/07/2017;1.8;1.8;1.8;1.8;309869
26/07/2017;1.8;1.8;1.8;1.8;418968
25/07/2017;1.8;1.8;1.8;1.79;599624
24/07/2017;1.8;1.79;1.8;1.79;2856501
21/07/2017;1.8;1.79;1.8;1.79;140640
20/07/2017;1.79;1.8;1.8;1.79;544590
19/07/2017;1.78;1.79;1.79;1.78;243046
18/07/2017;1.79;1.78;1.79;1.78;2589101
17/07/2017;1.78;1.79;1.79;1.78;25756
14/07/2017;1.77;1.77;1.77;1.77;47934
13/07/2017;1.77;1.77;1.77;1.77;10270
12/07/2017;1.8;1.77;1.8;1.77;2356880
11/07/2017;1.8;1.8;1.8;1.8;10620
10/07/2017;1.82;1.79;1.82;1.78;365302
7/07/2017;1.82;1.82;1.82;1.81;311744
6/07/2017;1.82;1.82;1.82;1.82;53220
5/07/2017;1.83;1.81;1.84;1.81;780003
4/07/2017;1.81;1.82;1.82;1.81;50180
3/07/2017;1.81;1.81;1.81;1.81;10000
30/06/2017;1.8;1.81;1.81;1.78;302690
28/06/2017;1.8;1.8;1.8;1.8;249467
27/06/2017;1.84;1.83;1.84;1.83;55500
26/06/2017;1.84;1.84;1.84;1.84;31920
23/06/2017;1.82;1.82;1.82;1.82;93900
22/06/2017;1.84;1.82;1.84;1.82;195042
21/06/2017;1.82;1.84;1.84;1.82;199403
20/06/2017;1.82;1.8;1.83;1.8;293680
19/06/2017;1.83;1.83;1.83;1.83;61263
16/06/2017;1.87;1.83;1.87;1.81;928446
15/06/2017;1.92;1.88;1.92;1.86;1542175
14/06/2017;1.93;1.92;1.93;1.92;98318
13/06/2017;1.94;1.93;1.94;1.92;3630629
12/06/2017;1.95;1.94;1.95;1.94;93200
9/06/2017;1.95;1.95;1.95;1.95;130000
8/06/2017;1.94;1.95;1.95;1.9;4421847
7/06/2017;1.94;1.92;1.94;1.92;46219
6/06/2017;1.94;1.95;1.95;1.94;8910
5/06/2017;1.96;1.95;1.96;1.95;35600
2/06/2017;1.95;1.97;1.97;1.95;4381829
1/06/2017;1.96;1.93;1.96;1.93;111730
31/05/2017;1.96;1.96;1.96;1.95;3098491
30/05/2017;1.96;1.96;1.97;1.96;2271086
29/05/2017;1.98;1.96;1.98;1.96;32525
26/05/2017;1.98;1.98;1.98;1.98;350755
25/05/2017;1.97;1.98;1.99;1.95;1971302
24/05/2017;1.96;1.97;1.97;1.96;675162
23/05/2017;1.95;1.95;1.95;1.95;40000
22/05/2017;1.95;1.95;1.95;1.95;60222
19/05/2017;1.94;1.95;1.95;1.94;115733
18/05/2017;1.94;1.94;1.94;1.92;700320
17/05/2017;1.96;1.96;1.96;1.95;274503
16/05/2017;2.01;1.96;2.01;1.96;621585
15/05/2017;2.02;2.03;2.03;2.02;138843
12/05/2017;2;2;2;1.99;1179832
11/05/2017;1.95;1.99;1.99;1.95;2074956
10/05/2017;1.9;1.94;1.94;1.9;2242877
9/05/2017;1.9;1.9;1.9;1.9;94500
8/05/2017;1.88;1.88;1.88;1.88;24270
5/05/2017;1.9;1.88;1.9;1.88;54032
4/05/2017;1.91;1.9;1.91;1.87;427849
3/05/2017;1.93;1.92;1.93;1.92;97680
2/05/2017;1.87;1.93;1.93;1.86;494710
28/04/2017;1.85;1.87;1.87;1.85;732295
27/04/2017;2.02;1.97;2.02;1.97;1930917
26/04/2017;2.03;2.04;2.08;2.03;876491
25/04/2017;1.96;2.03;2.03;1.96;956389
24/04/2017;1.98;1.95;1.98;1.9;894539
21/04/2017;2;2;2;2;27550
20/04/2017;2.05;2;2.05;2;91652
19/04/2017;2.06;2.05;2.06;2.05;27959
18/04/2017;2.15;2.05;2.15;2.05;136391
17/04/2017;2.14;2.15;2.15;2.14;65636
12/04/2017;2.15;2.15;2.16;2.14;858791
11/04/2017;2.09;2.15;2.15;2.09;2677290
10/04/2017;2.05;2.09;2.12;2.03;678468
7/04/2017;2.05;2.05;2.05;2.04;135796
6/04/2017;2.04;2.05;2.05;2.04;405508
5/04/2017;2.03;2.05;2.05;2.03;272450
4/04/2017;2.03;2.03;2.03;2.03;462899
3/04/2017;2.04;2.04;2.05;2.04;322154
31/03/2017;2.02;2.04;2.05;2;1502525
30/03/2017;1.95;2.03;2.03;1.95;1178337
29/03/2017;1.94;1.94;1.95;1.94;2156068
28/03/2017;1.85;1.94;1.94;1.85;445605
27/03/2017;1.9;1.86;1.9;1.86;307176
24/03/2017;1.94;1.9;1.94;1.9;413500
23/03/2017;1.92;1.94;1.94;1.92;274893
22/03/2017;1.95;1.94;1.95;1.94;269605
21/03/2017;1.95;1.95;1.95;1.94;163605
20/03/2017;1.88;1.94;1.96;1.88;261728
17/03/2017;1.86;1.87;1.87;1.86;366104
16/03/2017;1.84;1.85;1.85;1.84;523440
15/03/2017;1.83;1.83;1.83;1.83;35710
14/03/2017;1.87;1.83;1.87;1.83;358399
13/03/2017;1.84;1.87;1.87;1.84;130886
10/03/2017;1.85;1.84;1.85;1.84;852843
9/03/2017;1.85;1.86;1.86;1.85;28078
8/03/2017;1.85;1.85;1.85;1.85;50000
7/03/2017;1.85;1.85;1.85;1.85;19434
6/03/2017;1.87;1.85;1.87;1.85;1913507
3/03/2017;1.87;1.87;1.87;1.87;2680290
2/03/2017;1.86;1.86;1.86;1.86;916615
1/03/2017;1.86;1.86;1.86;1.86;222522
28/02/2017;1.8;1.86;1.86;1.8;390217
27/02/2017;1.82;1.8;1.82;1.8;121778
24/02/2017;1.85;1.82;1.85;1.82;615509
23/02/2017;1.86;1.85;1.86;1.85;40000
22/02/2017;1.88;1.87;1.88;1.87;32509
21/02/2017;1.91;1.9;1.91;1.9;1609096
20/02/2017;1.9;1.91;1.92;1.9;220232
17/02/2017;1.89;1.9;1.9;1.89;1444933
16/02/2017;1.9;1.9;1.9;1.9;242527
15/02/2017;1.9;1.9;1.91;1.89;577512
14/02/2017;1.89;1.9;1.9;1.89;488028
13/02/2017;1.89;1.89;1.89;1.88;279502
10/02/2017;1.9;1.9;1.9;1.9;77453
9/02/2017;1.92;1.9;1.93;1.9;183975
8/02/2017;1.92;1.92;1.92;1.91;307246
7/02/2017;1.9;1.92;1.92;1.9;3230936
6/02/2017;1.85;1.89;1.89;1.85;63336
3/02/2017;1.82;1.85;1.85;1.82;503688
2/02/2017;1.82;1.82;1.83;1.82;671403
1/02/2017;1.8;1.82;1.82;1.8;827783
31/01/2017;1.8;1.8;1.81;1.8;2754833
30/01/2017;1.75;1.8;1.8;1.75;255143
27/01/2017;1.75;1.75;1.75;1.75;289598
26/01/2017;1.75;1.75;1.75;1.75;862409
25/01/2017;1.75;1.75;1.76;1.75;156512
24/01/2017;1.73;1.75;1.75;1.73;1543996
23/01/2017;1.72;1.73;1.73;1.72;1463284
20/01/2017;1.72;1.72;1.73;1.72;160630
19/01/2017;1.72;1.72;1.72;1.72;334694
18/01/2017;1.72;1.73;1.73;1.72;434515
17/01/2017;1.72;1.72;1.72;1.71;100207
16/01/2017;1.71;1.71;1.71;1.71;131850
13/01/2017;1.72;1.72;1.73;1.71;635304
12/01/2017;1.72;1.72;1.73;1.72;407175
11/01/2017;1.72;1.72;1.73;1.72;623729
10/01/2017;1.71;1.72;1.73;1.71;509649
9/01/2017;1.7;1.7;1.7;1.7;145000
6/01/2017;1.7;1.69;1.7;1.69;142663
5/01/2017;1.65;1.69;1.69;1.65;309000
4/01/2017;1.68;1.65;1.68;1.65;142940
3/01/2017;1.68;1.68;1.68;1.68;84861
2/01/2017;1.69;1.69;1.69;1.69;641700
30/12/2016;1.72;1.69;1.72;1.68;259000
29/12/2016;1.7;1.73;1.73;1.7;254280
28/12/2016;1.71;1.7;1.71;1.7;86195
27/12/2016;1.71;1.71;1.71;1.71;162205
26/12/2016;1.72;1.71;1.72;1.71;82100
23/12/2016;1.71;1.71;1.72;1.71;160130
22/12/2016;1.7;1.71;1.71;1.7;291500
21/12/2016;1.66;1.7;1.7;1.66;423506
20/12/2016;1.67;1.66;1.67;1.66;11600
19/12/2016;1.68;1.68;1.68;1.68;38931
16/12/2016;1.7;1.7;1.7;1.69;19174978
15/12/2016;1.71;1.7;1.72;1.7;813768
14/12/2016;1.68;1.71;1.71;1.68;272967
13/12/2016;1.66;1.68;1.68;1.66;237263
12/12/2016;1.65;1.65;1.65;1.65;171515
9/12/2016;1.65;1.65;1.67;1.65;905064
7/12/2016;1.68;1.65;1.68;1.65;203273
6/12/2016;1.71;1.7;1.71;1.7;105200
5/12/2016;1.72;1.72;1.73;1.72;355156
2/12/2016;1.72;1.72;1.72;1.71;279442
1/12/2016;1.71;1.71;1.71;1.7;807659
30/11/2016;1.68;1.71;1.71;1.68;1517808
29/11/2016;1.69;1.68;1.69;1.68;368263
28/11/2016;1.69;1.69;1.69;1.68;781747
25/11/2016;1.7;1.7;1.7;1.68;1075597
24/11/2016;1.7;1.7;1.7;1.7;85300
23/11/2016;1.7;1.7;1.7;1.7;1564374
22/11/2016;1.7;1.7;1.7;1.7;371084
21/11/2016;1.7;1.7;1.7;1.7;313407
16/11/2016;1.65;1.7;1.7;1.65;276108
15/11/2016;1.62;1.65;1.65;1.62;406216
14/11/2016;1.59;1.61;1.61;1.58;657481
11/11/2016;1.57;1.57;1.57;1.57;263969
10/11/2016;1.57;1.57;1.57;1.57;126355
9/11/2016;1.56;1.57;1.57;1.55;684170
8/11/2016;1.6;1.58;1.6;1.58;401149
7/11/2016;1.61;1.61;1.61;1.61;66298
4/11/2016;1.61;1.61;1.61;1.61;45000
3/11/2016;1.65;1.62;1.65;1.62;264394
2/11/2016;1.65;1.65;1.65;1.65;80857
31/10/2016;1.65;1.67;1.67;1.65;188439
28/10/2016;1.66;1.68;1.68;1.66;103231
27/10/2016;1.69;1.68;1.69;1.68;128549
26/10/2016;1.67;1.69;1.7;1.67;3812300
25/10/2016;1.67;1.67;1.67;1.67;13512
24/10/2016;1.65;1.67;1.68;1.65;203782
21/10/2016;1.64;1.65;1.65;1.64;1985441
20/10/2016;1.65;1.64;1.65;1.64;23944
19/10/2016;1.66;1.66;1.66;1.66;841343
18/10/2016;1.63;1.66;1.67;1.63;1089962
17/10/2016;1.63;1.63;1.64;1.63;436641
14/10/2016;1.62;1.63;1.63;1.62;104809
13/10/2016;1.63;1.62;1.63;1.62;1149802
12/10/2016;1.63;1.63;1.64;1.63;422200
11/10/2016;1.63;1.63;1.63;1.63;173000
10/10/2016;1.65;1.64;1.65;1.64;112109
7/10/2016;1.63;1.64;1.64;1.63;332421
6/10/2016;1.63;1.62;1.63;1.62;419500
5/10/2016;1.61;1.63;1.63;1.61;602137
4/10/2016;1.64;1.62;1.64;1.62;853400
3/10/2016;1.65;1.64;1.65;1.64;975289
30/09/2016;1.63;1.65;1.65;1.63;115885
29/09/2016;1.63;1.62;1.63;1.6;577302
28/09/2016;1.64;1.64;1.64;1.64;120938
27/09/2016;1.63;1.63;1.63;1.63;43341
26/09/2016;1.64;1.62;1.64;1.62;101210
23/09/2016;1.64;1.64;1.64;1.63;394255
22/09/2016;1.63;1.64;1.64;1.63;17517
21/09/2016;1.61;1.63;1.63;1.61;138837
20/09/2016;1.62;1.61;1.62;1.61;2209080
19/09/2016;1.61;1.63;1.63;1.61;278856
16/09/2016;1.6;1.61;1.61;1.6;70000
15/09/2016;1.59;1.59;1.6;1.59;93287
14/09/2016;1.59;1.59;1.6;1.59;191724
13/09/2016;1.59;1.59;1.59;1.59;34539
12/09/2016;1.62;1.59;1.62;1.59;202908
9/09/2016;1.64;1.64;1.64;1.64;6010
8/09/2016;1.65;1.65;1.66;1.65;735523
7/09/2016;1.65;1.65;1.65;1.65;592365
6/09/2016;1.64;1.65;1.65;1.64;1983262
2/09/2016;1.64;1.64;1.65;1.63;409438
1/09/2016;1.61;1.62;1.62;1.59;493071
31/08/2016;1.63;1.63;1.63;1.62;1228160
29/08/2016;1.64;1.63;1.64;1.63;658139
26/08/2016;1.62;1.64;1.64;1.62;345176
25/08/2016;1.69;1.62;1.69;1.62;476548
24/08/2016;1.65;1.69;1.69;1.65;534525
23/08/2016;1.65;1.65;1.65;1.65;90768
22/08/2016;1.65;1.65;1.66;1.65;355085
19/08/2016;1.65;1.65;1.65;1.65;30600
18/08/2016;1.64;1.65;1.65;1.64;262043
17/08/2016;1.62;1.63;1.63;1.62;180106
16/08/2016;1.58;1.62;1.62;1.58;233920
15/08/2016;1.58;1.59;1.59;1.58;167751
12/08/2016;1.57;1.57;1.58;1.57;134071
11/08/2016;1.57;1.57;1.58;1.57;173550
10/08/2016;1.59;1.58;1.59;1.57;260774
9/08/2016;1.58;1.58;1.58;1.57;301307
8/08/2016;1.59;1.59;1.6;1.59;131041
5/08/2016;1.6;1.59;1.6;1.59;96860
4/08/2016;1.6;1.6;1.6;1.6;54000
3/08/2016;1.58;1.6;1.6;1.58;342178
2/08/2016;1.6;1.58;1.6;1.58;611950
1/08/2016;1.63;1.6;1.63;1.6;848539
27/07/2016;1.62;1.63;1.63;1.61;2211635
26/07/2016;1.6;1.62;1.62;1.6;215226
25/07/2016;1.6;1.6;1.6;1.6;256314
22/07/2016;1.62;1.6;1.62;1.6;139520
21/07/2016;1.64;1.63;1.64;1.6;582141
20/07/2016;1.68;1.69;1.69;1.67;2879329
19/07/2016;1.7;1.68;1.7;1.68;166746
18/07/2016;1.67;1.7;1.7;1.67;617478
15/07/2016;1.66;1.67;1.67;1.66;129767
14/07/2016;1.66;1.67;1.67;1.66;216000
13/07/2016;1.63;1.65;1.65;1.63;67020
12/07/2016;1.62;1.63;1.63;1.62;289251
11/07/2016;1.6;1.6;1.6;1.6;225369
8/07/2016;1.54;1.6;1.6;1.54;1273000
7/07/2016;1.49;1.54;1.54;1.49;2203883
6/07/2016;1.51;1.49;1.51;1.49;1360191
5/07/2016;1.54;1.52;1.54;1.52;562594
4/07/2016;1.56;1.55;1.56;1.55;35746
1/07/2016;1.56;1.56;1.58;1.56;733566
30/06/2016;1.53;1.56;1.57;1.53;541065
28/06/2016;1.53;1.51;1.53;1.5;310000
27/06/2016;1.54;1.53;1.54;1.53;57551
24/06/2016;1.57;1.55;1.57;1.54;218029
23/06/2016;1.61;1.6;1.61;1.59;215781
22/06/2016;1.64;1.6;1.64;1.6;133323
21/06/2016;1.64;1.64;1.64;1.64;77508
20/06/2016;1.66;1.64;1.66;1.64;641208
17/06/2016;1.6;1.65;1.65;1.6;489417
16/06/2016;1.63;1.6;1.64;1.6;608900
15/06/2016;1.65;1.63;1.65;1.63;408502
14/06/2016;1.66;1.64;1.66;1.64;215791
13/06/2016;1.66;1.67;1.67;1.66;38758
10/06/2016;1.67;1.66;1.67;1.65;207720
9/06/2016;1.68;1.68;1.68;1.68;64446
8/06/2016;1.68;1.68;1.68;1.68;1140384
7/06/2016;1.68;1.68;1.68;1.68;99042
6/06/2016;1.69;1.68;1.69;1.68;89473
3/06/2016;1.7;1.7;1.7;1.69;983272
2/06/2016;1.7;1.7;1.7;1.7;65857
1/06/2016;1.7;1.7;1.7;1.7;128407
31/05/2016;1.7;1.7;1.7;1.69;525542
30/05/2016;1.69;1.69;1.69;1.69;346555
27/05/2016;1.68;1.69;1.69;1.68;171138
26/05/2016;1.7;1.68;1.7;1.68;242686
25/05/2016;1.68;1.68;1.68;1.68;552859
24/05/2016;1.7;1.68;1.7;1.68;263209
23/05/2016;1.68;1.68;1.68;1.68;1033555
20/05/2016;1.68;1.68;1.68;1.68;881211
19/05/2016;1.67;1.68;1.68;1.66;540186
18/05/2016;1.69;1.68;1.7;1.68;622299
17/05/2016;1.69;1.69;1.7;1.69;665521
16/05/2016;1.69;1.69;1.72;1.69;431536
13/05/2016;1.74;1.68;1.74;1.68;208864
12/05/2016;1.7;1.7;1.7;1.69;1273691
11/05/2016;1.67;1.7;1.7;1.67;2158371
10/05/2016;1.6;1.67;1.67;1.6;277198
9/05/2016;1.63;1.6;1.63;1.6;291759
6/05/2016;1.71;1.65;1.73;1.6;757592
5/05/2016;1.7;1.71;1.72;1.7;5619674
4/05/2016;1.73;1.7;1.73;1.68;607284
3/05/2016;1.73;1.72;1.73;1.7;112520
2/05/2016;1.72;1.75;1.75;1.72;869157
29/04/2016;1.7;1.72;1.75;1.7;2253233
28/04/2016;1.6;1.7;1.7;1.6;895290
27/04/2016;1.55;1.58;1.6;1.55;600469
26/04/2016;1.55;1.54;1.56;1.53;295321
25/04/2016;1.55;1.58;1.58;1.54;529548
22/04/2016;1.58;1.58;1.58;1.58;74070
21/04/2016;1.62;1.6;1.62;1.6;243700
20/04/2016;1.7;1.65;1.7;1.65;322522
19/04/2016;1.7;1.8;1.8;1.7;1408459
18/04/2016;1.65;1.7;1.7;1.65;493459
15/04/2016;1.65;1.65;1.65;1.65;15296
14/04/2016;1.67;1.64;1.67;1.64;164322
13/04/2016;1.66;1.67;1.68;1.65;5621912
12/04/2016;1.61;1.65;1.65;1.6;2491429
11/04/2016;1.64;1.6;1.64;1.58;4653633
8/04/2016;1.33;1.42;1.42;1.33;787731
7/04/2016;1.38;1.33;1.38;1.33;110104
6/04/2016;1.43;1.4;1.43;1.4;157483
5/04/2016;1.42;1.42;1.42;1.42;270234
4/04/2016;1.45;1.45;1.45;1.43;610000
1/04/2016;1.45;1.45;1.45;1.45;40245
31/03/2016;1.45;1.47;1.47;1.44;1339166
30/03/2016;1.46;1.45;1.46;1.45;265162
29/03/2016;1.46;1.46;1.46;1.46;60645
28/03/2016;1.47;1.47;1.48;1.47;584121
23/03/2016;1.47;1.47;1.47;1.47;82456
22/03/2016;1.47;1.47;1.47;1.46;322011
21/03/2016;1.47;1.45;1.47;1.45;245246
18/03/2016;1.47;1.46;1.48;1.46;1026320
17/03/2016;1.47;1.47;1.47;1.46;473265
16/03/2016;1.47;1.47;1.47;1.47;258645
15/03/2016;1.48;1.48;1.48;1.48;36165
14/03/2016;1.47;1.49;1.49;1.47;31455
11/03/2016;1.45;1.47;1.47;1.45;84050
10/03/2016;1.45;1.46;1.46;1.45;412925
9/03/2016;1.38;1.45;1.45;1.38;246201
8/03/2016;1.37;1.37;1.38;1.35;85203
7/03/2016;1.3;1.35;1.35;1.3;833752
4/03/2016;1.29;1.3;1.3;1.28;324560
3/03/2016;1.29;1.3;1.3;1.28;372540
2/03/2016;1.29;1.3;1.3;1.29;113189
1/03/2016;1.29;1.3;1.3;1.29;1073781
29/02/2016;1.29;1.3;1.3;1.28;148141
26/02/2016;1.31;1.3;1.31;1.3;156283
25/02/2016;1.32;1.32;1.32;1.32;40541
24/02/2016;1.31;1.32;1.32;1.3;334159
23/02/2016;1.32;1.32;1.32;1.29;384078
22/02/2016;1.35;1.32;1.35;1.32;381245
19/02/2016;1.34;1.35;1.35;1.34;44717
18/02/2016;1.35;1.35;1.35;1.35;495985
17/02/2016;1.34;1.35;1.35;1.34;1298597
16/02/2016;1.31;1.34;1.34;1.31;983895
15/02/2016;1.32;1.32;1.32;1.32;190917
12/02/2016;1.3;1.32;1.35;1.3;743341
11/02/2016;1.29;1.28;1.3;1.28;128904
10/02/2016;1.26;1.29;1.29;1.25;797744
4/02/2016;1.26;1.26;1.26;1.26;8000
3/02/2016;1.2;1.2;1.2;1.18;1114511
2/02/2016;1.2;1.17;1.2;1.17;795076
29/01/2016;1.21;1.22;1.23;1.21;760000
28/01/2016;1.23;1.21;1.23;1.21;2328000
27/01/2016;1.25;1.25;1.25;1.25;6408
26/01/2016;1.26;1.25;1.26;1.25;490100
21/01/2016;1.26;1.26;1.26;1.26;70000
20/01/2016;1.28;1.27;1.28;1.26;2318216
19/01/2016;1.26;1.28;1.28;1.26;500000
14/01/2016;1.28;1.28;1.28;1.28;10800
12/01/2016;1.27;1.27;1.28;1.27;700000
11/01/2016;1.31;1.31;1.31;1.31;63887
7/01/2016;1.28;1.3;1.3;1.28;338408
6/01/2016;1.3;1.3;1.3;1.3;1200000
5/01/2016;1.33;1.33;1.33;1.33;20000
31/12/2015;1.3;1.35;1.35;1.3;869095
30/12/2015;1.33;1.33;1.33;1.3;401464
29/12/2015;1.31;1.32;1.32;1.3;1231162
28/12/2015;1.31;1.3;1.32;1.3;6032114
24/12/2015;1.25;1.3;1.3;1.25;6905
22/12/2015;1.27;1.29;1.29;1.27;61176
21/12/2015;1.25;1.27;1.27;1.25;319031
18/12/2015;1.29;1.29;1.29;1.29;315000
17/12/2015;1.28;1.3;1.3;1.28;108168
16/12/2015;1.3;1.3;1.3;1.28;150000
15/12/2015;1.3;1.3;1.3;1.3;118800
14/12/2015;1.29;1.3;1.3;1.29;325000
10/12/2015;1.31;1.3;1.31;1.3;1379931
9/12/2015;1.32;1.32;1.33;1.32;175470
7/12/2015;1.32;1.32;1.32;1.32;19045
3/12/2015;1.33;1.3;1.33;1.3;2016785
2/12/2015;1.32;1.32;1.32;1.32;108901
1/12/2015;1.28;1.32;1.32;1.28;84962
30/11/2015;1.3;1.28;1.3;1.28;5907373
27/11/2015;1.27;1.3;1.3;1.27;632439
26/11/2015;1.28;1.28;1.28;1.28;40545
25/11/2015;1.29;1.29;1.29;1.29;37606
24/11/2015;1.3;1.3;1.3;1.3;2550488
23/11/2015;1.3;1.3;1.3;1.3;627235
20/11/2015;1.3;1.3;1.3;1.3;1613652
19/11/2015;1.32;1.34;1.34;1.32;24298
18/11/2015;1.33;1.32;1.34;1.32;1960689
17/11/2015;1.35;1.35;1.35;1.35;724688
16/11/2015;1.35;1.33;1.35;1.33;6978642
13/11/2015;1.38;1.38;1.38;1.38;188828
11/11/2015;1.41;1.43;1.43;1.41;2212320
10/11/2015;1.41;1.41;1.41;1.41;1232186
9/11/2015;1.45;1.44;1.45;1.41;746147
6/11/2015;1.4;1.45;1.45;1.4;602770
5/11/2015;1.45;1.45;1.45;1.45;40956
4/11/2015;1.45;1.45;1.45;1.45;26054
3/11/2015;1.43;1.44;1.44;1.43;90309
2/11/2015;1.4;1.43;1.43;1.4;25609
30/10/2015;1.37;1.4;1.4;1.37;1832041
29/10/2015;1.33;1.35;1.36;1.33;1381892
28/10/2015;1.3;1.3;1.3;1.3;1297867
27/10/2015;1.32;1.3;1.32;1.3;379820
26/10/2015;1.3;1.31;1.31;1.3;248137
23/10/2015;1.31;1.31;1.31;1.31;405506
22/10/2015;1.3;1.3;1.3;1.3;6201
21/10/2015;1.29;1.3;1.3;1.29;217859
20/10/2015;1.29;1.29;1.29;1.29;39930
19/10/2015;1.28;1.29;1.29;1.28;136730
16/10/2015;1.27;1.27;1.28;1.27;367706
15/10/2015;1.27;1.28;1.28;1.27;675941
14/10/2015;1.26;1.27;1.27;1.26;1416512
13/10/2015;1.26;1.26;1.26;1.25;145177
12/10/2015;1.3;1.26;1.3;1.25;554567
7/10/2015;1.3;1.3;1.3;1.25;300497
6/10/2015;1.3;1.3;1.3;1.3;6250
2/10/2015;1.28;1.25;1.28;1.25;147008
1/10/2015;1.26;1.28;1.28;1.26;88509
30/09/2015;1.25;1.26;1.26;1.25;264019
29/09/2015;1.24;1.25;1.25;1.24;582596
28/09/2015;1.24;1.24;1.24;1.24;92787
25/09/2015;1.25;1.25;1.25;1.25;30000
24/09/2015;1.24;1.25;1.25;1.24;2447080
23/09/2015;1.25;1.24;1.25;1.24;1015500
22/09/2015;1.25;1.25;1.25;1.25;1465320
21/09/2015;1.22;1.25;1.25;1.2;1790470
18/09/2015;1.25;1.25;1.25;1.25;560610
17/09/2015;1.2;1.22;1.22;1.2;221718
16/09/2015;1.2;1.2;1.2;1.2;145000
15/09/2015;1.17;1.2;1.2;1.17;214299
14/09/2015;1.18;1.17;1.18;1.16;681581
11/09/2015;1.18;1.18;1.18;1.18;10890
8/09/2015;1.18;1.18;1.18;1.18;15775
7/09/2015;1.2;1.2;1.2;1.2;169613
4/09/2015;1.25;1.2;1.25;1.2;187137
3/09/2015;1.25;1.25;1.25;1.25;231891
2/09/2015;1.27;1.25;1.27;1.25;159673
1/09/2015;1.29;1.29;1.29;1.29;9950
31/08/2015;1.3;1.29;1.3;1.26;500829
28/08/2015;1.17;1.3;1.3;1.17;182089
27/08/2015;1.11;1.17;1.17;1.11;138177
26/08/2015;1.06;1.05;1.06;1.05;117426
25/08/2015;1.02;1.05;1.05;1;1937462
24/08/2015;1.08;1.05;1.08;1.05;110927
21/08/2015;1.09;1.09;1.09;1.08;536361
20/08/2015;1.12;1.1;1.12;1.1;648739
19/08/2015;1.17;1.14;1.17;1.14;222646
18/08/2015;1.2;1.18;1.2;1.18;272352
17/08/2015;1.23;1.23;1.23;1.23;302816
14/08/2015;1.31;1.29;1.31;1.29;601305
13/08/2015;1.32;1.32;1.32;1.32;428695
12/08/2015;1.33;1.33;1.33;1.33;1027106
11/08/2015;1.34;1.33;1.35;1.33;354532
10/08/2015;1.37;1.34;1.37;1.34;171631
7/08/2015;1.35;1.34;1.35;1.34;252206
6/08/2015;1.34;1.34;1.34;1.34;217091
5/08/2015;1.34;1.34;1.34;1.34;206447
4/08/2015;1.36;1.34;1.36;1.34;834881
3/08/2015;1.37;1.36;1.37;1.36;69057
31/07/2015;1.4;1.37;1.4;1.36;924943
30/07/2015;1.4;1.4;1.4;1.4;48600
24/07/2015;1.37;1.37;1.38;1.37;33900
23/07/2015;1.34;1.37;1.37;1.34;13514
21/07/2015;1.36;1.34;1.36;1.34;50807
20/07/2015;1.36;1.36;1.36;1.36;35000
16/07/2015;1.37;1.39;1.39;1.36;3537211
15/07/2015;1.37;1.37;1.37;1.37;10411
14/07/2015;1.39;1.38;1.39;1.38;1064262
10/07/2015;1.4;1.39;1.4;1.39;50000
9/07/2015;1.43;1.43;1.43;1.43;142043
8/07/2015;1.42;1.42;1.42;1.42;511174
7/07/2015;1.4;1.39;1.4;1.39;37958
6/07/2015;1.4;1.4;1.4;1.4;5682
3/07/2015;1.39;1.39;1.39;1.39;108737
2/07/2015;1.39;1.39;1.39;1.39;3285
30/06/2015;1.42;1.42;1.43;1.42;177178
26/06/2015;1.4;1.42;1.42;1.4;588872
25/06/2015;1.41;1.41;1.41;1.41;122426
23/06/2015;1.42;1.43;1.43;1.42;16141
22/06/2015;1.41;1.42;1.42;1.41;354297
19/06/2015;1.41;1.41;1.41;1.41;398652
18/06/2015;1.4;1.41;1.41;1.4;616124
17/06/2015;1.4;1.4;1.4;1.4;23179
9/06/2015;1.37;1.41;1.41;1.37;24233
8/06/2015;1.37;1.37;1.37;1.37;50000
4/06/2015;1.41;1.41;1.41;1.41;90464
3/06/2015;1.38;1.41;1.41;1.38;81790
2/06/2015;1.41;1.41;1.41;1.41;446771
1/06/2015;1.43;1.43;1.43;1.43;155574
29/05/2015;1.38;1.43;1.43;1.38;1462825
28/05/2015;1.38;1.38;1.39;1.38;195058
27/05/2015;1.38;1.38;1.39;1.38;1690468
26/05/2015;1.37;1.38;1.38;1.37;277900
25/05/2015;1.38;1.38;1.38;1.38;34460
22/05/2015;1.38;1.38;1.38;1.38;1540000
21/05/2015;1.37;1.38;1.39;1.37;5139959
20/05/2015;1.37;1.38;1.38;1.37;29514
19/05/2015;1.36;1.37;1.37;1.36;897536
18/05/2015;1.37;1.37;1.37;1.37;72953
14/05/2015;1.37;1.37;1.37;1.37;77138
13/05/2015;1.38;1.38;1.38;1.37;398684
12/05/2015;1.37;1.38;1.38;1.37;39354
11/05/2015;1.37;1.37;1.38;1.37;59715
8/05/2015;1.39;1.39;1.39;1.39;205983
7/05/2015;1.38;1.38;1.38;1.38;298000
6/05/2015;1.39;1.38;1.39;1.38;109102
5/05/2015;1.38;1.39;1.39;1.38;235683
4/05/2015;1.38;1.38;1.38;1.38;1013731
30/04/2015;1.35;1.37;1.38;1.35;3408205
29/04/2015;1.33;1.33;1.33;1.33;1512168
28/04/2015;1.33;1.33;1.33;1.33;229224
27/04/2015;1.33;1.33;1.33;1.33;95828
24/04/2015;1.32;1.32;1.32;1.32;24384
22/04/2015;1.38;1.38;1.38;1.38;12232
21/04/2015;1.38;1.38;1.38;1.38;10873
20/04/2015;1.36;1.39;1.39;1.36;17000
16/04/2015;1.39;1.39;1.4;1.39;2061630
15/04/2015;1.38;1.4;1.4;1.38;4680389
14/04/2015;1.38;1.37;1.38;1.37;4910460
10/04/2015;1.36;1.38;1.38;1.36;510825
9/04/2015;1.37;1.38;1.38;1.37;21389
8/04/2015;1.39;1.39;1.39;1.39;221446
6/04/2015;1.41;1.41;1.41;1.41;581974
1/04/2015;1.41;1.41;1.41;1.41;97890
31/03/2015;1.39;1.41;1.41;1.39;251361
30/03/2015;1.36;1.39;1.39;1.36;228677
27/03/2015;1.36;1.36;1.36;1.34;1825628
26/03/2015;1.37;1.37;1.37;1.37;360735
25/03/2015;1.38;1.38;1.38;1.38;1134959
24/03/2015;1.37;1.38;1.38;1.37;350266
23/03/2015;1.41;1.39;1.41;1.39;83321
20/03/2015;1.38;1.41;1.41;1.38;1872957
18/03/2015;1.37;1.38;1.38;1.37;431440
17/03/2015;1.37;1.37;1.37;1.37;720773
16/03/2015;1.38;1.38;1.38;1.38;44797
13/03/2015;1.39;1.4;1.4;1.39;159690
12/03/2015;1.4;1.39;1.4;1.38;136143
11/03/2015;1.39;1.39;1.39;1.39;930000
10/03/2015;1.4;1.4;1.4;1.4;350121
9/03/2015;1.41;1.4;1.41;1.4;404584
6/03/2015;1.4;1.43;1.43;1.4;464424
5/03/2015;1.43;1.41;1.43;1.41;1019821
3/03/2015;1.43;1.43;1.43;1.43;3845104
2/03/2015;1.44;1.43;1.44;1.43;95511
27/02/2015;1.44;1.44;1.44;1.43;767033
26/02/2015;1.4;1.41;1.41;1.37;1353419
25/02/2015;1.38;1.4;1.4;1.38;179389
24/02/2015;1.41;1.41;1.41;1.41;82381
23/02/2015;1.41;1.41;1.41;1.41;517000
20/02/2015;1.4;1.4;1.4;1.4;82321
19/02/2015;1.43;1.43;1.44;1.4;2560840
18/02/2015;1.45;1.43;1.45;1.43;217882
17/02/2015;1.44;1.46;1.46;1.43;293837
16/02/2015;1.48;1.48;1.48;1.48;5000
13/02/2015;1.46;1.48;1.48;1.46;649198
12/02/2015;1.43;1.45;1.45;1.43;600000
11/02/2015;1.43;1.43;1.43;1.43;239363
10/02/2015;1.44;1.44;1.44;1.44;49983
9/02/2015;1.45;1.45;1.45;1.43;528186
6/02/2015;1.45;1.45;1.45;1.45;164642
5/02/2015;1.46;1.48;1.48;1.46;351648
4/02/2015;1.45;1.46;1.46;1.45;377668
3/02/2015;1.46;1.46;1.46;1.46;1335930
2/02/2015;1.43;1.45;1.45;1.43;204991
30/01/2015;1.46;1.5;1.5;1.46;602394
29/01/2015;1.43;1.46;1.46;1.43;2159104
28/01/2015;1.4;1.43;1.43;1.4;17218
27/01/2015;1.41;1.43;1.43;1.41;3107188
26/01/2015;1.38;1.41;1.41;1.38;669337
23/01/2015;1.33;1.38;1.38;1.33;291385
22/01/2015;1.32;1.33;1.33;1.32;5013090
21/01/2015;1.38;1.32;1.38;1.32;413159
20/01/2015;1.4;1.38;1.42;1.38;2074752
16/01/2015;1.44;1.42;1.44;1.42;77300
15/01/2015;1.46;1.45;1.46;1.44;1034721
14/01/2015;1.45;1.45;1.45;1.45;374721
13/01/2015;1.48;1.48;1.48;1.47;170143
12/01/2015;1.5;1.5;1.5;1.5;298896
9/01/2015;1.52;1.52;1.52;1.52;153000
8/01/2015;1.52;1.54;1.54;1.52;3815052
7/01/2015;1.52;1.54;1.54;1.52;237780
6/01/2015;1.56;1.52;1.56;1.52;111613
5/01/2015;1.62;1.58;1.62;1.57;115821
